tract,102_novel_repetition_priming,105_cognitive_test_associated,107_judgment_verb_noun,109_emotional_process_neural,10_sad_mood_happy,111_force_chronic_tbi,113_gaze_saccade_eye,114_face_ffa_process,115_stop_pre sma_coherence,116_color_interference_stroop,118_prediction_coding_natural,11_sequence_practice_day,121_perceptual_perception_conscious,125_movement_execution_imitation,12_moral_people_violations,131_risk_alcohol_risk taking,132_word_concrete_process,134_stress_reactivity_laughter,142_game_intention_partner,143_task_one_performance,144_recall_ambiguous_ambiguity,146_music_musical_rhythm,147_regulation_emotion regulation_reappraisal,148_reward_motivation_anticipation,14_speech_left_deaf,151_phonological_lexical_pseudoword,152_action_observation_mirror,153_training_pre_post,157_object_loc_image,15_language_linguistic_left,161_imagery_imagine_mi,162_experience_awareness_thought,166_voice_prosody_speaker,167_virtual_navigation_deception,168_video_gesture_communication,169_scene_ppa_image,170_wm_wm task_maintenance,172_learning_learned_associated,173_change_signal_tinnitus,174_rule_shift_dimensional,175_value_analysis_subject,176_sleep_uncertainty_quality,17_outcome_gain_loss,180_writing_drawing_style,181_attention_attended_top,183_visual_fixation_orientation,184_representation_concept_knowledge,185_acupuncture_sham_stimulation,187_spatial_shape_visuospatial,188_social_attachment_social cognition,190_suppression_muscle_voluntary,191_motor_sma_m1,192_stimuli_stimulus_process,195_familiar_recollection_unfamiliar,197_context_information_schema,198_cue_cues_cued,199_naming_generation_production,19_neural_associated_relationship,20_selection_competing_facilitation,21_image_function_brain,23_decision_choice_value,26_verbal_creativity_intelligence,27_error_dacc_correct,2_picture_valence_arousal,35_preference_sexual_bias,36_response_difference_greater,37_hand_body_part,38_encoding_memory_retrieval,39_target_search_trial,41_rating_empathy_scale,43_intensity_touch_temperature,46_food_weight_eating,47_expression_facial expression_facial,48_self_process_self referential,49_working memory_back_task,54_implicit_explicit_fatigue,56_problem_arithmetic_subtraction,59_categories_category_animal,5_motion_sts_psts,62_semantic_meaning_related,64_external_internal_identity,66_evaluation_situation_appraisal,67_feedback_negative feedback_correct,68_sentence_comprehension_syntactic,69_switch_switching_preparation,6_sound_auditory_tone,70_performance_accuracy_task,71_strategy_strategies_reasoning,72_visual_process_fusiform gyrus,75_inhibition_response inhibition_nogo,79_congruent_conflict_incongruent,7_load_difficult_demand,83_fear_threat_avoidance,85_reading_letter_orthographic,86_red_blue_green,87_control_healthy_hyperactivity,88_trait_impulsivity_aggressive,91_salience_salient_salience network,92_pleasant_taste_unpleasant,94_negative_positive_positive negative,95_pain_painful_rating,97_activity_related_increased,98_dmn_pcc_default mode,9_pitch_vocal_vocalization
anterioFrontalCC,-0.10312296477526904,0.19133072950855842,-0.027443833751153997,0.20898537535706405,0.18049352763688145,-0.12363411568431745,-0.16289123571209535,-0.08005461912831427,-0.031285618800398214,-0.08950376916742116,-0.13744976567052022,-0.22606156444292702,-0.06395470040350515,-0.23517098237600645,0.30586331602380856,0.23991238879376758,-0.08324812763390411,0.22590585687322523,0.2289752104843995,-0.15847434232007507,0.07322605790876659,-0.03361165554919838,0.2557910559366974,0.1902338925909512,-0.2291337871806996,-0.23557670133504036,-0.1918254755218599,-0.07580890876838625,-0.21795859033831766,-0.1605559135443244,-0.22338712026482624,0.21390557825452064,-0.0867663195632028,-0.06954805547667507,-0.158841922089695,-0.01825397102899925,-0.08756651816007444,-0.07371244611689622,-0.08077288311317644,0.013872447487467292,-0.07340967158566951,0.09963469380162851,0.2687667369178483,-0.02828064046850874,-0.12792738762861694,-0.20934787124100956,-0.031236045921158057,0.07243411499594139,-0.1993734292067807,0.2907463074280854,-0.18915479975706995,-0.20959153426032257,-0.21269789983319787,0.0032592512992376983,0.1617265272894724,-0.06260073886210873,-0.18836485656914967,0.3523184519024215,0.019839787887801615,-0.13134891249339115,0.27047915875516376,0.046403612315912675,0.12037179376471024,0.17663505539427696,0.13468140222750954,-0.11226177645212851,-0.19463062440962312,0.04404827895893716,-0.12590341210880007,0.11898397830263217,-0.07101272994308067,0.10305793510918868,0.04495342675724469,0.3721987178919454,-0.0733193802221263,0.08210546448971237,-0.10412142541871483,-0.10870986369034329,-0.20468439415590103,-0.06276109640162159,0.059757810688552127,0.19259105067425145,0.05962437191093519,-0.06829379678118558,-0.07461106159957787,-0.1755075498317825,-0.10427889309217382,0.014128712382937567,-0.1852992336170869,0.01573397248194547,-0.04085317500010459,-0.04787605006480942,0.1579451404649526,-0.24548079084482052,0.06610084099654327,-0.04092700969152034,0.24132427859014607,0.2288422100183877,0.04087581007438208,0.2734978174668215,0.011333288291241658,-0.060653301378548935,0.2750127787142614,-0.1654839407767338
forcepsMajor,0.03198902041315578,-0.0491496296542994,-0.02006999376640255,-0.055813832533939435,-0.027872684219749342,0.0007552569109003164,0.17747460331014586,0.13124814606545404,-0.003662430899276753,0.02309115562250147,0.032516699080981225,-0.03284195391387965,0.05278409199414927,-0.06374811659536882,-0.04914209571608671,-0.009637589695325017,0.00402736522131246,-0.08539636411801989,0.03715147646139686,0.038371045493785054,0.011872080947820943,-0.137734495901492,-0.1235302997994137,-0.057709452817887856,-0.08215791305031334,-0.04056073669599522,0.021326069753297486,-0.037921233484334266,0.16101532482743666,-0.10650785169612131,-0.04573370187039425,-0.04210232338439114,-0.11829544021897152,0.2805315914135467,0.01619866846309088,0.2091697982011686,-0.017015334091316687,-0.03863480030710697,-0.018280536704369268,0.055144139013737575,0.022187908817171854,-0.0511354471376332,-0.0198756994387095,0.004647234817636803,0.16497539181114482,0.28798438891099065,0.024739860527110566,-0.07889476396214555,0.18135022482842142,-0.029768880075318256,-0.04285214484707923,-0.08665885615929066,0.12088714899666818,0.008826423880500532,0.00793289079649348,0.15227646228998254,0.008309409301455494,0.038854666203481325,-0.0817462287059063,-0.024380974267428905,0.011381610934084286,0.027608478151804217,-0.10987341962509897,0.013753591199198457,0.0523313750097257,0.03217570674957198,0.039675060569218525,0.0982502823993522,0.08847006996117879,-0.12597576267032695,-0.17461675923558675,0.0040075815030068416,0.03375300287756808,-0.014868901788426755,-0.04562624272061348,-0.07389776762070611,0.018453593886793327,0.12772151464362452,0.19830198498773433,-0.04049489857686191,0.03896152250922311,0.04716321697594122,0.002279889979488287,-0.07737083696124414,0.015573028425103972,-0.06025080029501191,0.047724349530583306,0.054124683678672146,0.2929575301142236,-0.07514713331956001,-0.06064395117557535,0.04803900901663395,-0.014049076877562013,0.08165391052732042,0.0071276193682566925,-0.003298357973220605,0.03775196409792155,0.05303223471823379,-0.1204866248735733,-0.0728604339419662,-0.19262918858248007,0.02439705027118994,0.04279040630345655,-0.11338724499648475
forcepsMinor,-0.092089276585955,0.17243580854966248,-0.05978652126781236,0.13449843133130757,0.15583174222762117,-0.08289201538811115,-0.1470974973898175,-0.07956255912220118,-0.05736197225962807,-0.10059498027256064,-0.10335651690212287,-0.16089388902951107,-0.06399554758801831,-0.18175330732646838,0.2542663409441918,0.23330940222727434,-0.08368289159784834,0.1984051762574441,0.26410757710832855,-0.09270115277499867,0.08927555652321353,0.0147427865611767,0.25649821782512955,0.1163338302756467,-0.18363770677674332,-0.2048669512800773,-0.16446477040915297,-0.07053997595712515,-0.17049074896669325,-0.12967367711514835,-0.1895019088761955,0.1525185735455675,-0.06678598680832303,-0.008558094018813784,-0.14300030541662861,-0.015278263460955226,-0.03784222568939227,-0.010555750093539986,-0.0621254895982025,0.06411554033945506,-0.06654064386067621,0.11059637005310734,0.1507954586029222,-0.07019633419997871,-0.09225293509324219,-0.18378253383880153,-0.02136828922151396,0.0413537998648307,-0.14986822501608302,0.2171930102866522,-0.1548822434913074,-0.1752037662731844,-0.16647584294226403,0.01028396826422531,0.18955523627104046,-0.07890298650504705,-0.14245805128266778,0.2821072245072162,0.02064232624892284,-0.1341443699013238,0.21666959746210707,0.14188022643875045,0.05007561271109674,0.11397350176028127,0.09794147503892717,-0.07522039600978846,-0.15963404567221276,0.07517809279065099,-0.10872051471679697,0.07431143243492304,-0.09392688464323737,0.10898197946472808,0.008488443092852169,0.28889572427814253,0.008539842187407989,0.11072994224910339,-0.07388681324000354,-0.11973195186152066,-0.16424456085566086,-0.08699554363941772,0.09702433972393303,0.1568571990001196,0.017829538467166024,-0.07568352619240018,-0.01813190255713459,-0.13827069405074138,-0.04818845493724381,0.014598412389974733,-0.14264289269760877,0.01191790204283751,-0.04279203171135261,-0.02713646622634239,0.08337827289129703,-0.2243611292349199,0.10824428003514179,0.048153312483003766,0.17908281440100438,0.13038717952610476,0.06597631641996832,0.17861131351911075,0.0031656642587908055,-0.042155971907195985,0.20273474493962929,-0.1487215489881882
leftAnterioFrontoCerebellar,NaN,NaN,NaN,NaN,NaN,NaN,NaN,NaN,NaN,NaN,NaN,NaN,NaN,NaN,NaN,NaN,NaN,NaN,NaN,NaN,NaN,NaN,NaN,NaN,NaN,NaN,NaN,NaN,NaN,NaN,NaN,NaN,NaN,NaN,NaN,NaN,NaN,NaN,NaN,NaN,NaN,NaN,NaN,NaN,NaN,NaN,NaN,NaN,NaN,NaN,NaN,NaN,NaN,NaN,NaN,NaN,NaN,NaN,NaN,NaN,NaN,NaN,NaN,NaN,NaN,NaN,NaN,NaN,NaN,NaN,NaN,NaN,NaN,NaN,NaN,NaN,NaN,NaN,NaN,NaN,NaN,NaN,NaN,NaN,NaN,NaN,NaN,NaN,NaN,NaN,NaN,NaN,NaN,NaN,NaN,NaN,NaN,NaN,NaN,NaN,NaN,NaN,NaN,NaN
leftArc,0.13036906046364213,-0.06800609646682428,0.3952479135853069,-0.04291762994430202,-0.07562568802397207,-0.1354893307752503,-0.10321475566636311,-0.023145813065852745,-0.047232615917410896,0.1189517242113023,0.0433771091729792,-0.002364488409518178,0.015082106522267115,-0.013798043174324448,-0.0414321555369484,-0.12433372376266036,0.37192737049005364,-0.06664117979125447,-0.1634421677284047,0.1555451199770206,0.060226892014872024,0.020425412510848694,0.09818100217788439,-0.14024467992296163,0.2575926692267001,0.38080798102897073,0.08528840506195176,-0.046169708811856496,0.021938662281939775,0.4233406277578652,-0.007841879150289067,-0.029254604967133536,0.08526727575210312,-0.11102659683522467,0.09421829766760831,-0.04613682900040699,0.046212504057489896,0.09465087533796734,-0.12346154706902213,0.08414475500569188,-0.13441841524674708,-0.16218899606066098,-0.12921231913325892,0.006086331994997963,-0.08901230080961559,-0.14735916259636408,0.13462706051703255,-0.12123999262728904,-0.06609071664562105,-0.08429535635052494,-0.09884511392673337,-0.032462760236195105,-0.04252066303436729,0.0564061834399102,0.06075447894059386,-0.0717018393265155,0.37090880487052313,-0.10719453502607743,0.22733317223128727,-0.06004608494628152,-0.10583877107612039,0.13202796888870463,-0.07918218102664856,-0.1039711579169512,-0.1927428185915845,-0.10912792477502287,-0.08880902674914222,0.154145071637715,-0.100908351077272,-0.018972409714078053,-0.05111437702229143,-0.14367818684265696,-0.10114809295711352,-0.03831624055909349,0.10141453664020839,0.04529399141540135,0.044217375497523484,0.01478776300192631,-0.04185630471414581,0.37234060338837655,-0.030890776406042177,0.016791779966677,-0.083394283649226,0.3555105652267812,0.09623009233251889,0.06651315943039755,-0.02487884521964141,0.10606033617021932,0.026648539762853363,-0.05794948940989167,0.06425765707796174,0.09279623832802601,-0.141268502979471,0.3172168095538264,0.005946813986509919,0.07877660343707561,-0.15924852712666496,-0.09824058057984787,0.022533756040276305,-0.030560631845588472,-0.09516268949246003,0.01678457469835797,-0.16557510435102038,0.06863163550594394
leftAslant,-0.016677538491505745,-0.09971479254175453,0.251174701781663,-0.004800811198764541,-0.06944037171880967,-0.0028646211942917987,-0.07293038962131333,-0.061877211753775876,0.11427129925857514,0.03887869080478966,0.0007241837536632156,0.0201411788675658,-0.0770277579662585,0.0015631746072881558,0.0015880710427566137,-0.0438447096481982,0.18468887198116726,-0.013373067091422759,-0.04587641908514291,0.10872359700119397,0.018547357998326422,0.03272629401989958,0.20034877242536156,-0.06262324840105185,0.12201766984506217,0.16672948243387115,0.06264204924731807,-0.011302223778703822,-0.09012188201303989,0.21408817458219018,0.0892166402150668,0.10676323021229553,0.051603636093204404,0.012375034031312038,0.003186277325156463,-0.06846914769096396,0.017400445692820135,0.035040849165933974,-0.1160710993911866,0.07164322894391535,-0.16702971870756023,-0.08899677831821189,-0.07494244973064419,0.056614268562251,-0.0743372883825981,-0.12009812974003364,-0.02681009643452255,-0.03889218233608217,-0.03030527593249713,0.01370320891861345,-0.03891341623277606,0.036587277952740895,-0.08151144300475338,0.010957204526306682,0.012196252495943846,-0.02091289542984444,0.18330929901953857,0.0005800577056432352,0.0996157381830052,0.049522989000053884,-0.032259830745506916,0.12403402513370257,0.10606888506298517,-0.03482782107510698,-0.05180728195167665,-0.05919869452491138,-0.10295861550514797,0.05996209801125819,-0.10495341645437758,0.1078128740718139,-0.01924809633023699,-0.09816391692034941,-0.07627223163358515,0.07243158887774588,0.060340549365802035,0.10778415048348332,0.038235942191812554,-0.030809960463184852,-0.09432594403795372,0.1887818086621635,0.026357285451331123,0.08029821713546882,-0.012966459821734465,0.19782359602163563,0.0964331336814626,-0.007187239603120195,0.04351713031781953,0.17877644727916805,-0.07032925004096763,0.03393028360614281,0.07944059589765746,0.04086840477838698,-0.06651134137377279,0.13029969818684842,0.09986714611951071,0.00650361810543059,-0.07772838934804599,-0.04777843440661097,-0.012142797530452703,0.028221891018114228,0.003963581776073518,-0.0027419521303932415,-0.0900957378413124,0.017724842526985626
leftCST,-0.07287800979451932,0.01054449324734993,-0.0705931235930864,-0.1750375456537358,-0.04664926897994298,0.33106337531328034,0.049244781028640355,-0.10069892834349661,0.030817176508437013,0.04446007842081004,0.003097687245289246,0.15878009682898064,-0.07682282462208484,0.2494275370102521,-0.09930049676174131,-0.02131406620519036,-0.11172207586392346,-0.03689947316648019,-0.06779133046603913,-0.05198620923261529,-0.08643744867118255,-0.0021240091465738347,-0.08960600652089702,-0.07941079248863682,-0.04457220926166053,-0.11141965980675261,0.13449091816375597,0.20125701322450987,-0.007877529409490073,-0.11620084980800273,0.29465060496587303,-0.02452219491537119,-0.07708501875001475,-0.09497094343170168,-0.04193023016578791,-0.02808489724002041,-0.07772614427894542,-0.012045889887801996,0.23417554524566334,-0.08897457572471747,0.165952000012773,0.030552735760013,-0.08292796042076046,0.2177749355263487,-0.09829435627345481,0.06912379960748916,-0.0814578387124,0.17611473027356983,0.0011507299280725974,-0.0894713638268541,0.26428468258148863,0.28407730083022226,-0.03789026260773826,-0.1357915716083702,0.03597709859000486,-0.04377143560922594,0.0023329268523004766,-0.1003896001806569,-0.04602789988187176,0.03269774141517743,-0.07915889042102382,-0.0930765469966227,-0.06233958524395222,-0.14511010432267538,-0.09081653445700774,-0.014787412703922143,0.26118553583516735,-0.1622713816809533,0.05469309428015185,-0.08446252477298281,0.08217662858302542,-0.022467028966083904,-0.049512177448002265,-0.09289267955093884,-0.07971039719249348,-0.04172026114562534,-0.11484240453745083,-0.11875624949318873,-0.004077305641548973,-0.1009209967690388,-0.0980773591101349,-0.12410853316433275,0.008185991102103916,-0.10511937527680265,-0.046489372680547675,-0.063113788331817,-0.014239169323775993,-0.09698518780079016,-0.04940152605440065,-0.016910795967034025,-0.007559259280475626,-0.12901057512335187,-0.09777267327968103,-0.10536382189360029,-0.07940922605192796,0.015653899293671284,-0.04682433909323724,-0.08925932063376281,0.010057408938258263,-0.08497065522917936,0.03311963763095994,0.012367861317745926,-0.029896041449265436,-0.012717278649742723
leftContraMotorCerebellar,NaN,NaN,NaN,NaN,NaN,NaN,NaN,NaN,NaN,NaN,NaN,NaN,NaN,NaN,NaN,NaN,NaN,NaN,NaN,NaN,NaN,NaN,NaN,NaN,NaN,NaN,NaN,NaN,NaN,NaN,NaN,NaN,NaN,NaN,NaN,NaN,NaN,NaN,NaN,NaN,NaN,NaN,NaN,NaN,NaN,NaN,NaN,NaN,NaN,NaN,NaN,NaN,NaN,NaN,NaN,NaN,NaN,NaN,NaN,NaN,NaN,NaN,NaN,NaN,NaN,NaN,NaN,NaN,NaN,NaN,NaN,NaN,NaN,NaN,NaN,NaN,NaN,NaN,NaN,NaN,NaN,NaN,NaN,NaN,NaN,NaN,NaN,NaN,NaN,NaN,NaN,NaN,NaN,NaN,NaN,NaN,NaN,NaN,NaN,NaN,NaN,NaN,NaN,NaN
leftIFOF,-0.02382655192212863,0.0023522494996074234,-0.016217750958902762,0.05517946674007373,-0.005272527084390455,-0.039645778548522484,-0.043517230345453954,-0.002647734437054315,0.03795718618032582,-0.023981699126737744,-0.009300180082435668,-0.037744402406341714,0.03336492158243313,-0.0498834154924157,0.03191407000026198,0.0821262323107543,0.0105137617464249,0.036537202890736274,0.11040271790340773,-0.03561088855135002,-0.008474100162868033,-0.02325921243778306,0.0474836606195839,0.09997155021571369,-0.039840285412712444,-0.014179356930577473,-0.03493557724237433,-0.04188518879834207,-0.053303722925037454,1.745120569971523e-05,-0.041439687492124164,0.0030317506130090864,0.0045548648127368176,-0.0044048223840800725,-0.016245626766169006,-0.023234661132200064,0.006170173762957515,-0.0014854131887062176,-0.0679192419232486,-0.006036524359770688,-0.07992510184503125,-0.002299837871930711,0.10933037932252289,0.009057192823103369,-0.059755050981415064,-0.05610055412746227,-0.007619455384027227,-0.0344158380024735,-0.029153648485026596,0.03966191594796304,-0.018672432350961565,-0.050473377002422444,-0.008769341964056522,-0.013881926350405378,-0.0034253302431132633,-0.012642760883678057,-0.014291844034506476,0.06946663370428253,-0.0006377411928818379,0.01016745736775057,0.0828395756935493,-0.03552310095134868,0.08648625531783728,0.08638399820232011,0.03896962828000708,0.021552542077216325,-0.038849373673800855,0.016011867455225936,-0.02900383924248525,0.06311366050922715,0.02671133910268201,0.06890550010064812,0.03861806979486302,0.020973321561671577,0.007600881320757196,-0.04491873358294061,-0.016608089109343804,0.0039023217303876803,-0.05294473756028336,0.0018153752236020804,0.007386861896865849,0.01028399053718192,0.056136941701687725,-0.020559131517684875,-0.014675110300321674,-0.03518848079547777,-0.028816449447746095,-0.002343206378064984,-0.02678190897106538,0.052691406992360516,0.0061293254112976085,0.007425875924729066,0.07378380248011279,-0.028966950831353092,0.024746659291823736,-0.0466311487861517,0.07711229309231088,0.06894580178754091,0.06410398111198079,0.03139101817661349,0.024532553420932662,-0.004948058219809107,-0.03944576105594295,-0.025814121778826984
leftILF,0.07550356304729243,-0.05930883881879356,0.0641289761689547,0.04558084472665209,0.01645276060702815,-0.08604241335305346,0.1773305927942514,0.19432504754568414,-0.0369343587782288,0.0467888860629056,0.04246004333248536,-0.06348250057250783,0.03889250644384369,-0.09692388806967983,-0.0003865765975143775,-0.10188184090784154,0.1394864617088047,-0.11304051231238216,-0.050330822132055995,0.0034510042579051154,-0.03485141049148749,-0.05176870497394926,-0.0813374134512524,-0.08843497268803203,0.021144814560695578,0.09481000590324618,0.022025666141408724,-0.05056209073874922,0.19292328568478462,0.023957683044122453,-0.10267420249233569,-0.09383783303747094,0.012240265659553058,0.045882115660433605,0.09946099985562791,0.11405327357938773,-0.04547045147559054,-0.10275033541264472,-0.07656964660090815,0.00022612213095793112,0.00540529831753602,-0.034437476194068,-0.11682852845437813,0.0785722296478231,0.05321263709938837,0.23538369701707776,0.21663150624816577,-0.05945644015633248,0.0937930438157324,0.052343827401392366,-0.07073434273804584,-0.08977035232892215,0.13004011119462464,-0.007312922765957381,-0.06708354583770086,0.06842869340478039,0.05419612511957437,0.0013933271840050156,-0.061010715269871556,-0.025076246679947272,-0.07112864580856153,0.07887059297848516,-0.1636415416311264,0.10684173096693464,0.10011465953847093,0.004219139201412443,0.08428358082770786,0.03342240962490272,0.03558370377824313,-0.026916252867908223,-0.19770777239508436,0.010454580252708559,0.0963560822837605,-0.027802824910943574,-0.11281336130854702,-0.04169285476463427,0.043363068961921866,0.18616080474380134,0.24215078438299895,0.1495101836109121,0.09590275804412711,0.08135511564175266,-0.10109800750759654,0.09050076209161732,-0.05507071573992964,-0.008075074240409314,0.009035996596746091,-0.05378816158889149,0.2920751047279807,-0.0932595741450344,-0.0852811356137242,-0.021483250298659284,-0.04952070286384032,0.19379992598230183,0.005510839133518478,-0.06161111553442675,-0.0484147000018547,0.0132841881481707,-0.11590523552335397,-0.07924898885409422,-0.19758047030742265,-0.03306372167980549,-0.045173762531690136,-0.054743191464805746
leftMDLFang,0.0027729706745240135,-0.008935327749694029,0.1471596556683588,0.006107125254547782,-0.008748851174579304,-0.09991919452028136,-0.08514778046659398,-0.08876663175775659,0.03375905021079158,-0.035516011077812985,0.009259752611425573,-0.05094041879878992,-0.03182126664207293,-0.0148312824002867,0.047658836005399066,-0.05758182589579954,0.08084088685373764,0.05824287545111757,-0.027037991251115775,-0.010226505252714449,-0.03878626355148308,0.12190225508715513,0.03327616056000145,-0.12572884429232623,0.13529761637755608,0.1626134852707452,0.0020441547183967512,-0.05964461566544676,-0.03241827005178543,0.15560347566013685,0.009106946169907306,0.011716142613539635,0.14541905761271487,0.004633799720830786,0.06278718815737125,-0.07184219894676148,-0.07025768516882455,-0.01732126494250588,-0.06021245884376688,-0.038874233087654426,0.025247084663859058,-0.05833963896351036,-0.0513857698682778,-0.06250905364292839,-0.037964706341176865,-0.05671468261117977,0.14944027809068564,-0.034871321041695755,-0.049747755177642405,0.06073775467258479,-0.03267348957749659,-0.027307072301892076,-0.04547626979243519,-0.007721915324988208,-0.009406623742522652,-0.04359023678263677,0.06171728916051904,-0.007922124679646774,0.029356703019845432,-0.03797956366669542,-0.021004506233226094,0.017193603618189137,0.023218814518802512,-0.028578484971737782,-0.04764498575793551,-0.07444008026856624,-0.05023434419439474,0.022934080504123055,0.0028186429722254092,0.03548071099322142,-0.0005209848836104839,-0.06474504493785993,-0.06002854696520153,0.018707114367012403,-0.023581074940240008,0.12222247520547075,0.02195396185579132,0.02351955447430119,-0.017710416022620315,0.17315951371469954,0.06221118316114736,0.08230979211330873,-0.05266246344085017,0.17289443278007663,-0.01504625686446389,0.11219514162201831,-0.035533298798477435,0.016134699526950156,-0.07953305571137238,2.7824370685032243e-05,-0.03236550903289046,-0.05672907057548598,-0.05058891838672243,0.07008644944955221,0.026823920564396714,0.02334926918083648,-0.021267342943311705,0.003819384718271412,-0.03700642626318478,-0.03702381886457871,-0.02721783526963661,-0.06324824061097788,0.04326252604890527,0.10207654293910132
leftMDLFspl,0.0008980862551845649,0.004259546004901948,0.0032088162596061944,0.02103850976712459,0.033236556335679915,-0.012071907780077433,-0.026705278493001177,-0.021589910806040887,-0.015502901957056274,-0.012444288113977303,-0.019756728857503354,0.002354071274304238,-0.022448403210579858,-0.0017318021517544915,-0.006950549984875021,-0.030957094819380783,0.014681586278784055,0.04431439868642062,-0.045789145102302836,-0.019283967770429247,-0.0016259788128296312,0.10293808507205403,0.007864661985348855,-0.021036922297812375,0.07882210044218091,0.06644710745847306,-0.03050178831315072,-0.015213474547480883,-0.020305126521474034,0.059397311729401964,0.010985836691067112,0.01676599929762929,0.0845594095483012,-0.02412026733570584,-0.017767911236779795,-0.027434669972027682,-0.052197270293560895,0.02519413716301184,0.03759688273566497,-0.036253621280513286,0.009758236052765075,0.00013456273470952926,-0.02887255378848619,-0.006055115391449928,-0.03275639755707567,-0.02822384751966956,-0.014452852599633005,0.0268049599432803,-0.019507493411283855,-0.01691930525939198,0.049665998503202115,0.010333717647731454,0.005130178375693806,-0.04796718431775422,-0.004799258202943773,-0.04316420093705403,0.032667646276478,-0.021318051114727454,-0.013249866540853689,0.019273010927674705,-0.03197611772349047,-0.032484628960690466,-0.021236683444360433,-0.014534143188276324,0.017306682542064182,-0.00936359029123251,-0.010752155817588612,-0.03658912537062625,-0.015110521968524944,0.008282792955507053,-0.006517577274090038,-0.0057376003726773775,-0.013941227303826935,-0.020251143151800845,-0.022050614749244423,0.026768725618259975,-0.011493887711203393,0.03433952915517196,-0.016239564552534867,0.02298591530332133,-0.024583772497185765,0.054288957764873344,-0.0547782351612448,0.05849156626706086,-0.04171294660321147,0.0906556310697809,-0.0199124941842285,-0.016707713881067104,-0.0282212991209564,-0.012122726630967789,-0.02670203773303269,-0.04208800222259194,-0.011715494301903773,0.023627494436039988,0.019093958493649404,0.01206849492737572,-0.0010747926937493605,0.03941374457282487,0.04493155997920275,-0.027574386704999322,0.02672686764529495,-0.011211833238852874,-0.012439561637851902,0.09870080586423423
leftMotorCerebellar,-0.021577181395545496,0.0027503017449138386,-0.02726523709354479,-0.03665344047844253,-0.0006452148365419843,0.09046667983461777,0.026738636646778124,-0.02369461361672746,0.030215910987644694,0.014989333116386208,-0.009373188452254128,0.05613288895800544,-0.03232888696715135,0.06798272358913797,-0.010844222082758164,-0.0038857647995398496,-0.026800967980312267,0.00324499333804597,-0.038729276158398024,-0.012069546147483885,-0.02921193726628711,0.024485239308423206,0.00021990249432446315,-0.005808460764644987,-0.005663008570432861,-0.02315108658682888,0.05674161573423917,0.02831065611392502,-0.01910262419916708,-0.020402878377010058,0.054587060867812745,-0.021276232503341368,-0.005985479331360657,-0.016354337722700164,-0.007507996794885782,-0.008325698256057031,-0.010726658892252697,-0.005251988011339378,0.07903050568437253,-0.021233035060806996,0.020799148159875134,0.024793807175562732,-0.031067113123991495,0.10933255686696305,-0.022623119628255667,0.01867029244215213,-0.015595231674377853,0.040018840253280674,0.01409321184535017,-0.034662184668405274,0.0627815963061206,0.06305845924818049,-0.024903654387446905,-0.038240690117559505,0.014055885848150738,-0.023857999804603312,-0.037712527793444806,-0.03928310943107505,-0.00965715404575721,0.006812144080186057,-0.01807777988346641,-0.024031010968133863,0.0056196069649125865,-0.035034356177394435,-0.02405633742257452,0.0022872804529675346,0.04516771901911707,-0.02865057377856102,0.019889849773851217,-0.0006993744198513027,0.005703239936988916,-0.005120871337770518,-0.012388712950612866,-0.015464124686784184,-0.02446601037585614,-0.016287330645165868,-0.024746806793061068,-0.028477929241355088,-0.007333291980472389,-0.016241602490992196,0.010871279044551116,-0.01951668056304813,0.008701136758838093,-0.013963643890405695,-0.006870004193229269,-0.015712964356503815,0.030238221388294552,-0.041270234873075504,-0.019605910269284575,-0.012264359267028993,0.008772759465152139,-0.03184694832203951,-0.03433285072910699,-0.015409501078799586,-0.021658778571929323,-0.013747087195041119,-0.012360056274701724,0.016502448563415602,0.005787350015211073,-0.022809316987265384,-0.010510109815326484,-0.015981890184324197,-0.014563563375648547,-0.0072976379407645306
leftOpticRadiation,NaN,NaN,NaN,NaN,NaN,NaN,NaN,NaN,NaN,NaN,NaN,NaN,NaN,NaN,NaN,NaN,NaN,NaN,NaN,NaN,NaN,NaN,NaN,NaN,NaN,NaN,NaN,NaN,NaN,NaN,NaN,NaN,NaN,NaN,NaN,NaN,NaN,NaN,NaN,NaN,NaN,NaN,NaN,NaN,NaN,NaN,NaN,NaN,NaN,NaN,NaN,NaN,NaN,NaN,NaN,NaN,NaN,NaN,NaN,NaN,NaN,NaN,NaN,NaN,NaN,NaN,NaN,NaN,NaN,NaN,NaN,NaN,NaN,NaN,NaN,NaN,NaN,NaN,NaN,NaN,NaN,NaN,NaN,NaN,NaN,NaN,NaN,NaN,NaN,NaN,NaN,NaN,NaN,NaN,NaN,NaN,NaN,NaN,NaN,NaN,NaN,NaN,NaN,NaN
leftSLF1And2,-0.1067044298600384,-0.12019788943638395,0.16159658453177664,-0.35168655419890976,-0.2667502170799994,0.1921328080143366,0.0874801282478055,-0.2461770353813865,0.06668094007592576,0.23574637389383998,0.07845859301640966,0.36547327067819535,0.0045371657247098435,0.3826290531646831,-0.17803488228998052,-0.1354460198139127,0.06829358621651721,-0.13684827522469192,-0.16918113289284384,0.2772689202395628,-0.1344123546673658,-0.04394601176503223,-0.16216952763498405,-0.18252414752242788,0.11199215811313273,0.165485093259379,0.37288370407073307,0.20844836759834803,0.15667820807050817,0.10642471743411931,0.3652353885422282,-0.11494554894931183,-0.13073930863907707,-0.057447970445724555,0.14741584841752903,-0.1540987790851742,0.17068289634616707,0.18786727986903087,0.09965440868512604,0.16771549685953466,0.04655850671414887,-0.07125157605997325,-0.17100218664008546,0.3046853564505946,0.034397833965705824,0.16127682751456207,0.038760506459693665,-0.029203977698244576,0.2006268585939123,-0.24545955529952623,0.05189602354564761,0.33536701176972933,-0.04908211830398853,-0.10986535699810766,0.10746147605380849,0.047607121840831185,0.18567195667686673,-0.32085890321266447,0.14460605897938816,0.11208430720636095,-0.06922896328608137,0.014479117767758906,0.0033384084380722514,-0.2855280551850549,-0.23423898081755676,-0.13273701960761253,0.22057939023078182,-0.054018553058362374,0.19645683175833836,-0.1536052003974542,0.10551707431698992,-0.22256319006494205,-0.2736371282630058,-0.17301714745462646,0.22264092125471452,0.04812349458640805,0.20417062911190925,-0.03260578186716491,-0.015311623477377407,0.056160806193451394,-0.020723661930175826,-0.12301951424606015,0.056647034837346795,0.043956939299357706,0.23320278505331973,-0.07005194551838502,0.16645082234333283,0.16167953489016432,0.020884639507829053,-0.014984694919055934,0.1680280471357939,0.14129799563860754,-0.27839199731168063,0.17761087577445964,-0.07470468385623133,0.09183875085140257,-0.2527879568096183,-0.15705733628638183,-0.049717799868242596,-0.22577524909446237,-0.06461229964231455,0.11513505754942988,-0.15122145521630417,0.03942878462034645
leftSLF3,-0.04803494267608464,-0.2114978378013027,0.10044024701292989,-0.09520192977330304,-0.11902541439077705,0.030484417346752016,-0.17963796683332664,-0.19857264566210914,0.06934070716117118,0.028253087336457827,0.020105473681122317,0.0836723861432546,-0.01959952383274466,0.19294828590731208,-0.1250915159628814,-0.11596483047306538,0.09977276389991623,-0.01823795434167137,-0.08693747256008047,0.018016169964097103,-0.06824976397649442,0.15226280702457928,0.030363182006277613,-0.10644914833548383,0.3239409544151798,0.2704518371058099,0.1634225640986663,0.034048525005577916,0.0033310360599116138,0.18614068553094984,0.15875154163356486,0.09997944114373276,0.10501219388499808,-0.18920604904832458,0.05829169139038752,-0.1723646818024155,-0.07293560352617748,-0.02740718286878994,0.08983496568697834,-0.08122149043607925,-0.016123112996155063,-0.018296518321447807,-0.11617275757234556,0.057060643811586396,-0.11401152378746827,-0.10435532508579234,-0.0042098084958560045,0.1548049189061669,-0.07999109786005952,-0.136671665870343,0.1738520540950784,0.1800608632885546,0.09120209084858738,-0.15243711555074668,-0.046384059203739655,-0.10556264955282901,0.21584848052616043,-0.19955482745362346,0.025254752654234987,0.17840463844349777,-0.1097887783159396,-0.05257657744979878,-0.0068107042331325435,-0.09352293927005476,-0.13294077659615378,0.08914309731695978,0.012486298369046068,-0.16665552909012343,-0.01393246409118346,0.01114654480577526,0.32253362570152055,0.006231280457426776,-0.11516927653941368,-0.13175031051908667,-0.005697116935703026,0.03746948581081157,-0.04195000402986353,0.02639515301920599,-0.05413554630437453,0.055741223686063705,0.015018595199374584,-0.060699757698505025,-0.016111977549065744,0.10663237772079086,-0.015777264392953575,0.20071401984100315,-0.0020120671400667323,-0.0034037618307731195,-0.05734654830587291,0.02818830273065625,0.014537691308232107,-0.05235922504428076,-0.04893876404510358,0.15899152397242006,0.09719501620108656,0.04309463668411397,-0.1614475110272169,0.025645542045041925,0.22919601544432225,-0.11297680295118033,0.25697356237714375,-0.0229053854179255,-0.18030479570076058,0.22673280679105987
leftTPC,0.11417442898865339,-0.008469166795021037,0.11531013552689856,-0.13530594422695782,-0.11515197133840159,-0.08587558322187583,0.10272186442528289,0.010934059154853938,-0.021676906045213405,0.12741823969718388,0.02535926371086506,0.08922091073803481,0.05354103662830609,0.05148175600621751,0.005703430123631975,-0.10472916976975633,0.1654242200044619,-0.11911042424491576,-0.07592073487114424,0.19703569697365006,0.07279995543351103,-0.10179207066166526,-0.13827193753159572,-0.06435470961293326,-0.0036037485807681228,0.15557137512743244,0.1109407501156297,0.09102373702729373,0.21804305235328478,0.0974230433744482,0.04518515218204582,-0.03741696096257637,-0.05092541481995904,0.06950094398082958,0.10769552061314008,-0.02396125206274909,0.11182294695302047,0.11891141703401385,-0.07296104157785645,0.16389911981828684,-0.05506200389949759,-0.08632298804922861,-0.057178036537779885,0.12246473095375221,0.15611285486334484,0.18023833542638162,0.056209294158165356,-0.14177880193071263,0.21432131753513817,-0.12206202985918589,-0.10797531983772889,-0.005848423599417653,0.023226025303972563,0.05221104715812132,-0.025612099930422818,0.10554230239255687,0.12204421439879756,-0.14445859706335665,0.19946133748383646,0.030176920429249715,-0.037408206232973085,0.05146437871783049,-0.07866403340210633,-0.057880863867656465,-0.03579184199368237,-0.1302572522063176,0.11126789649718742,0.11949913658847093,0.18564232380771142,-0.08942468350853838,-0.11319250316924337,-0.12118495573134472,-0.09924714913028003,-0.03167449756965939,0.14532618173788356,-0.05129547617067367,0.2155358819224768,0.06421138057202425,0.06264726307296163,0.14615445132530544,0.042492711166957214,-0.04611102174134304,0.03622160699726678,0.04066807314692509,0.1964571776955133,-0.04652097651105148,0.0671235720741749,0.115266716334076,0.18515294508052021,-0.08889952413848286,0.1435024636408338,0.1660531173986521,-0.1176591101445727,0.21087084122323324,-0.15121626537681226,0.005527874302324676,-0.1551546313163568,-0.08675080309687702,-0.16020283717151634,-0.10019074367487879,-0.1631046170543314,0.057576408117717665,-0.06813451232525634,-0.07686729852079004
leftUncinate,-0.021580834601120612,0.036221894901435736,0.0050612579755063055,0.10441079865033699,0.023507150300562944,-0.04648477155074258,-0.056732010407752935,0.021361765908307285,-0.013430675732458083,-0.06489165310397979,-0.04085586586533632,-0.044946274322747434,0.00412279479205926,-0.05975505715638516,0.058693582730093466,0.0568267763895799,0.015208385477444861,0.040234077176506296,0.08414035232825891,-0.06229135834943004,-0.0256192515286232,-0.00977512150078204,0.05618349737430698,0.058033837965019236,-0.037064631519881375,-0.007866060425309879,-0.04507300114443535,-0.030726699436725367,-0.0551842760859289,-0.0004221510616329574,-0.06825801418954151,0.011613682518828961,0.02531644240734527,-0.021865584307864252,-0.015421798293347874,-0.005132253260686992,-0.030390624049990676,-0.024931279574217386,-0.06120290088825699,-0.038086720474273014,-0.059617537643714955,0.019510169579163208,0.04454743676639613,0.005539830205715334,-0.0858283840526013,-0.06739086788009066,0.05693051861493845,-0.024255804967826155,-0.05001995209066607,0.10037595310977691,-0.03703339429128199,-0.059009847697960895,-0.03238237479462034,0.02246693150704282,-0.013450007845648254,-0.055680739022215694,-0.01647685653750653,0.08441153658778314,-0.011674705714719515,-0.027273012089341974,0.027933461417430253,-0.027911230279485576,0.03411278531799443,0.1009040166305755,0.055332755397545896,-0.040336295912727395,-0.03132807776042166,0.0023332250517689454,-0.06660180090970054,0.0783083855387858,0.024548722514572578,0.0607475364196508,0.07866730772298532,0.0391790500079411,-0.02224886570643867,-0.0005985949299833977,-0.03505941909253331,-0.009067969856097525,-0.044468945646742225,0.038169527149795476,0.03759065659288912,0.029128135690211318,0.006043256291879115,0.000682020224898074,-0.059758238341325494,-0.03675877805647405,-0.027026911448913074,-0.0433424712459976,-0.04228427930088815,-0.0005767768467039642,-0.02815666547088122,-0.03733445680394936,0.06386339839894517,-0.03843302263872679,0.060390038534251046,-0.0654153956301701,0.08523659460300066,0.04230180265928456,0.0500074278027955,0.04666509596664384,0.011889527651641916,-0.04752167606151044,-0.016194756459765897,-0.02601088833502371
leftVOF,0.003547793156810032,-0.09429538138382661,-0.0008221877628304675,-0.04616714063552916,0.009783540158358101,-0.02038709094944207,0.164943125356711,0.1498025815836015,0.03366970057632115,0.08029930277899332,0.02728458208465672,-0.013463221025986735,0.07643066530760408,-0.05742683858185907,-0.019467571130181348,-0.008599348379190344,0.07038351697870107,-0.1144050714170238,-0.0456516357057029,0.02619106219293941,-0.06537491986629088,-0.08268665210043602,-0.06563208050777729,-0.01656841359954183,-0.021943647912685875,0.04288683043197,0.015655086728096814,-0.04363420532544577,0.14357433346196724,-0.03916920193635968,-0.05621608125939446,-0.08518506116961644,-0.06141655158814626,0.06621365367720014,0.034496363453305784,0.04790554138312603,-0.009996480315018852,-0.03676909287749472,-0.017749499014421962,0.04405837831537553,-0.009095742192597078,0.017872762667345107,-0.06478715911940752,0.12295382074683879,0.1015155273150533,0.2107162708294066,0.04023367357106181,-0.05107102051134153,0.11241411704380844,-0.021999264333312264,-0.039971860262578526,-0.04490794055329251,0.09363433246118845,-0.007706941948477427,-0.049933729886329575,0.16680218361094132,0.0218574120630906,0.013693096972363926,-0.02196038426101056,-0.0018180731809205083,-0.008990546133498941,0.08011757355634232,-0.1086289246721794,0.03386005392409124,0.04511820237769599,0.06610547060223677,0.060067664989281226,0.039226751784160165,0.051915837494503854,-0.08488314002883754,-0.1425321440999727,-0.0024378189728009657,0.06824131332042498,-0.04759478955094626,-0.053670725438850875,-0.09063135166948698,0.07478315099508746,0.13953339852764104,0.19171574611655098,0.026066709854954195,0.025929735857097787,0.03791327659896008,-0.03900174203761953,-0.018036291461575437,0.019291434210495523,-0.03641926178850824,0.040869793128467606,0.015323855436046602,0.2628353373546461,-0.01756352588759896,-0.03916582637053402,0.025484702136634226,-0.05171307085882492,0.17108920382928883,0.013825565668266097,-0.04680349753308546,-0.02594357093605064,0.035455229547633874,-0.11216848631047006,-0.09664669107669278,-0.15122347772240544,0.025493759195006186,-0.0626268955301449,-0.06367768357686546
leftcingulum,-0.024381552624239394,0.019404988874666122,0.010581819174584986,0.03902139294347733,-0.02218133625587665,-0.06712312096888386,-0.11107211653005465,-0.09531735426777171,-0.03130797906435209,-0.04809324123371807,-0.054202834996793514,-0.09882211556457325,-0.02752845656045685,-0.10301815038324151,0.1287984054567335,0.09423282960491661,-0.015267004219064278,0.024946488005287534,0.07769606272943727,0.011482261786752535,0.011166611855621443,-0.11928345248979129,0.04525079303492306,0.06160237327451878,-0.12778850400434638,-0.0734152175643126,-0.15398121760699157,-0.07160587817217959,-0.10105475894867087,-0.09713084056896036,-0.09186800389672412,0.11482856310665918,-0.0810177436221547,0.05437956826673343,-0.10017319870359837,-0.01283994850072188,-0.05803560035361455,-0.013632570120251515,0.01910359531861034,0.04437664745775029,-0.029761628925430588,0.020221154513749937,0.07013860901567567,-0.01974600120160211,-0.058777864151557405,-0.11282565434357933,-0.0440860829520131,0.03000487656438881,-0.0786775300485943,0.07290423140938472,-0.04466679365792157,-0.09631326733098541,-0.15321830671850348,0.11415018507045648,0.04335112508487236,0.0632786248555731,-0.058271611461394604,0.09990426500889389,0.024091310249203066,0.037582671316690554,0.11296962658348188,0.0019514401882483254,0.1407928665799404,0.049787914197605525,0.07298661294780161,-0.01654067367307864,-0.158071881307014,0.1428479476307978,-0.09017761888781829,0.0849659006765955,-0.04497067678775746,-0.022696888678952216,-0.10096108342367581,0.3150444766377053,0.016728604527393474,-0.019439427845826175,-0.04041392946154638,-0.07295423990872428,-0.14161882736231296,0.039290352269565,0.01863381330417771,0.08799746259946864,0.06207279668127221,-0.015289135362959063,0.10659282081161268,-0.09796295750357796,0.040643309802043774,0.10244519224921816,-0.1045175680218836,-0.021550005611199827,-0.021242877291766608,0.005590116956836528,0.08265395555019085,-0.08515950846805663,0.018015921710850872,0.011404036145916672,0.036509608367948,0.04430299069376198,-0.06039604894089209,0.022335563018689455,0.047189177598149404,0.004253729171848136,0.20894191280324953,-0.08847675398343245
leftfrontoThalamic,-0.006644238284848497,0.020060367045542735,0.12439740539823711,0.09603685333848232,0.07508364890493366,-0.07848549880903166,-0.10296427386961063,-0.027592485896653352,-0.047150103987339397,-0.018561964357271712,0.013689779103279226,-0.07750402877781801,-0.058005446211814436,-0.10817482769808061,0.09306976566436691,0.08658952414698622,0.1117640796065699,0.043557384257645264,0.1135327908812989,-0.00040924896669722376,0.036743414414645764,0.0012317163473709275,0.20480586605220838,0.0059643653034784135,-0.02492550964615621,0.03242370983281055,-0.06023323882366655,-0.07966001157180212,-0.0855127323070747,0.10080538250141094,-0.08984376113830356,0.046438158586429835,0.019760205714773105,0.008373694872533692,-0.0687688693689521,-0.024414553112444712,-0.01666272027918242,0.005072438856919577,-0.09583186169248145,0.05401961697963362,-0.10777459170809221,0.05298109083860161,0.05304852117743375,-0.04979498678504076,-0.10446491119368169,-0.12149203075901535,0.01914113771808867,-0.005754281319645513,-0.07457387320764491,0.10527623178488782,-0.11445685269320147,-0.09903285580361834,-0.08781143410000443,0.05218625939911942,0.0898851643385572,-0.11082574694560304,0.04705877324374103,0.13884650486482691,0.08126639683721112,-0.07641279137882245,0.05809422659447667,0.12970205923192876,0.022707395704320732,0.06269730705960423,-0.023267936885049724,-0.08813047310554581,-0.1104262222824196,0.13686623502992085,-0.09718049152152523,0.08314854848431882,-0.07810378275653417,0.03912533583201178,0.03631816008046388,0.12202599066490673,-0.014853521516893453,0.047987105399672846,-0.01933308640709919,-0.06253073146671985,-0.09688085731576543,0.12325266847873764,0.03401447295368121,0.09027131917922977,-0.024795035878046837,0.10013158065939999,-0.0027791247823730765,-0.049662907365058115,-0.015863350877804536,0.07006096338030636,-0.04279319023295359,-0.011196407511707406,-0.02269403903966914,-0.03397196622194376,0.07852155766325446,-0.015852042808440336,0.15471497141116425,-0.01197052779429936,0.04273772189366478,0.06245875476883027,0.02622540341396586,0.12344711735197934,-0.033692839505713244,0.029446451572182137,-0.021875261219499658,-0.07546799919901327
leftmeyer,0.02416262887566255,-0.01018681020976537,0.012976308763817708,0.032443471089262516,-0.014079733209598391,-0.0006257943022457574,0.04341893836278882,0.01929213053171479,-0.007103845417447904,-0.022815240322680657,0.005499938162374545,-0.011197124741988548,0.004512179879376274,0.0042869234939555585,0.012587876658235532,-0.02763089160244548,0.000715560300268522,0.0003786035058588637,0.01367623351645407,-0.009785704318069039,-0.01317841608632678,-0.01519494046196257,-0.005282045660517514,-0.021656190864779983,-0.0008459098409959302,-0.004970858422563145,0.02584287381562248,-0.003411729868453032,0.021217088161308295,-0.013822606035416556,-0.006819218987374595,-0.005950529179961329,-0.007900966422371604,0.018893917923910118,0.0458785421966701,0.018327899146951623,-0.022921954462899966,-0.014604967525701094,0.012115370089468058,-0.0044178259298511815,-0.004799639563869175,-0.01428941498048232,0.0012477311257633097,-0.0017594375395018408,0.012078633939111478,0.04795986269426055,0.014042612099874126,-0.0041509545362052955,0.01149951047864918,0.020667119645852796,0.0012054513483742988,-0.008291911839144248,0.03684910437581844,-0.0005981084421986073,-0.018802100780807147,-0.005638054006128637,-0.012406029690402755,-0.016158787182115303,0.001494292624505618,0.009933338557970527,-0.0032207503192754816,-0.0008076742129218523,-0.007020017100813051,0.06874993006838394,0.03538526796894028,-0.013976150068437073,0.04713397492522357,0.001027433551453676,0.012490389274699925,0.0107042792749766,-0.013347044159645502,-0.010118379828931674,0.01705434844450054,-0.008215941199229543,-0.01696306142504586,-0.0013469600632863264,-0.010761824076510062,0.03699202763464928,0.05806981320380898,-0.005381207363082345,0.01304559602160155,0.005223169134767104,0.005162394117167932,-0.004945802461791682,-0.014186986673642269,-0.007503921133307427,-0.0008525329146492918,0.002313849731525933,0.02958554006418419,-0.010085860941833816,-0.016696990709753348,-0.004221887127906499,0.023615126551447447,-0.007106137994638933,-0.002398392442566642,-0.012723248936742365,0.019710748993365737,-0.011772161600111453,-0.005024065874395499,0.010643277697264465,-0.012756829161957988,0.0047318940097346215,-0.003964126296212178,-0.013237694287207568
leftmotorThalamic,-0.13443518194904527,-0.07617646824124263,-0.05459378838194814,-0.2515176546596715,-0.0839197364119118,0.46074649946041185,0.11317856804806099,-0.17301338275117312,0.10900587419927969,0.05533781137287762,0.07893889208828793,0.30413200134938523,-0.08239193825622998,0.3729090784625503,-0.13852895109456861,-0.08493875213790733,-0.07618824897083612,-0.07487390198776181,-0.11880394600930504,0.005340336128414923,-0.14966105722655582,0.058205454830196325,-0.13824442482037144,-0.11334316986808735,0.05688450701955207,-0.05372542233344331,0.22826524916392152,0.26176980390785964,-0.008811563438994674,-0.07528601238783725,0.41933755891715974,-0.04639451317731615,-0.10163528208662127,-0.14174223722094312,-0.01213206289910129,-0.0745742405448411,-0.05340825274470783,-0.002603233843140552,0.22436546391150516,-0.09811639335406594,0.18575184503754438,0.05367181025552339,-0.16095961420726862,0.2958321524556435,-0.10019823564017487,0.09768308789653217,-0.10443962175271489,0.1616933975372559,0.02583769060670132,-0.16634061155079022,0.2994178044511197,0.4206210783314651,-0.07146781574048557,-0.1909077276404597,0.03019829553942846,-0.05086059605161055,0.06841871834227178,-0.2212154659813545,-0.04522446719025643,0.10949953133538151,-0.14864893945700003,-0.1652962653028138,-0.05092257922455469,-0.22932064492686285,-0.14712650324947543,-0.04674008594938098,0.29061138675394527,-0.23498212546846173,0.05388743868064647,-0.1356494437504304,0.1092202207757729,-0.08336498978986494,-0.1107818108642217,-0.16247058384752028,-0.0596506888448503,0.06261965890570922,-0.10561412423353635,-0.1718452076583485,-0.007603242799182733,-0.11457053620093127,-0.08393605387865483,-0.14852719683173823,-0.0016007885792640106,-0.10258053152324771,-0.017945461570781026,-0.04935947793437158,0.043167714492278346,-0.08765049794500046,-0.058395275703096584,-0.004367247240332682,-0.010546927217337557,-0.10488010995196599,-0.13693596309807377,-0.06845733440996266,-0.032162492712668744,0.07517755077400984,-0.09853904206651756,-0.1265292239873011,0.051043589054614376,-0.14446505914106392,0.04700541784788872,0.02615463460384664,-0.09592015606433422,0.08116732585864253
leftpArc,0.12478247586749504,-0.027753679251803,0.22197544622891682,-0.0401996489470939,-0.05944899573543593,-0.13361049050832707,-0.09776998264155572,-0.041322106003195073,0.056823068838371876,0.053016526449318035,0.007302022212130132,-0.08258670707858015,0.08915076311218408,-0.017587064973070905,0.06961227541968383,-0.04224936734648727,0.21831976061927968,-0.021064569314983586,-0.05341967820065124,0.06112974615059673,0.03443673466840906,-0.04597866197689274,0.01507817347205403,-0.11559262942885801,0.06385609265420478,0.19048088150355122,0.06328221259724649,-0.059527619392117065,0.08281866356824542,0.1629980808003461,-0.009565583751364463,-0.023183626300017388,0.020651541849795615,0.0318769517221313,0.11295331448373952,-0.03803606861927188,-0.02779038064554891,0.034826022406345886,-0.1649980364422026,0.058689358416122536,0.044498360466883706,-0.08344624004350434,-0.020979305888332953,-0.09039503949392427,-0.00774157687247723,-0.020681823984588902,0.18146690824914702,-0.14103867718725507,0.011699934925571797,-0.011416111343308296,-0.11842042050680347,-0.08550352156206378,-0.03788333026358894,0.09581451831722393,0.0035381354362261554,-0.0318939895576097,0.06805491715300206,-0.02076867117041093,0.11829622354984422,-0.1286736099919133,0.039910663601084716,0.1147003715568071,0.013301996136077712,-0.013714107508503996,-0.06600575749913999,-0.10517848679146988,-0.02953743515809351,0.17584881091461171,-0.002368514439170803,-0.005468688804994252,-0.06852914015462096,-0.11803112540172375,-0.05306799054134772,0.022044204643007003,-0.007862589313363222,0.09907937222979901,0.11073836802606048,0.09078450406117322,0.009925237373889163,0.26345968476064197,0.04760730158400739,0.06492218570568647,0.009271584258819873,0.1746936617659278,0.09137336347186883,-0.00626839766932418,-0.027944568876155016,0.05549131679440349,0.0396844369454968,-0.02351468979280324,0.03120280160588434,0.013545131332866975,-0.09923196834136935,0.16633975007707888,-0.09406751035053468,0.00983387744057406,-0.05839276379883242,-0.06612607362094862,-0.12361937311696883,-0.05495931146974526,-0.12275845543140511,0.010719665851601808,0.06150221202092502,-0.03463963711759831
leftparietoThalamic,-0.027618030433105664,-0.03434565427151849,-0.00439814217982937,-0.15227774504635153,-0.11780518980804197,0.008603640306414851,0.07096150804948254,-0.10804152930499049,-0.03902991008666349,0.06832724478335896,0.05011203648334931,0.08178537123155212,0.05089018154989494,0.17354545015112588,-0.03419587816182253,-0.04808330256209774,-0.06309484650456555,-0.002378992654200693,0.03243270327972448,0.11251237086238769,-0.00886428631804485,-0.046597821795091525,-0.11275328538140388,-0.06314015270217624,-0.031834865130942414,-0.025183743778925585,0.15388536797458724,0.08944447822122821,0.09680280802343423,-0.03910455350641013,0.18056227760264512,0.07769432782537478,-0.08568516205412983,0.15113397898861014,0.08877936091246305,-0.07693357350719342,0.03140166849296596,0.03222560568023888,-0.04874178489082797,0.10021203549799838,0.0064334752532604605,-0.02822941725439155,-0.00796459437735037,0.1921621433650686,0.06961425347618222,0.1575568007579223,-0.038802470275336065,0.002749551150719751,0.18018842568155247,-0.0889876413205282,0.03627959350118473,0.12297334220431815,0.0003652217387308284,-0.07404371283906357,-0.02962641138325793,0.05307552296776793,-0.059176484058254604,-0.08729438660182515,0.08200765565289538,0.04738393341644575,-0.031068292517454837,0.04427707493719442,-0.0075914435657878565,-0.09530488153697995,-0.06443293867651968,-0.11108731551016804,0.14682304692855913,-0.018531942348401224,0.1043016053772137,-0.031480750501658265,0.011589384048511526,-0.0967221149786457,-0.11719812786189526,-0.015553115230286347,0.08099531032006144,0.04455601604314009,0.1094299602527012,-0.021602507515740672,0.003895568386592614,-0.03396169418879227,0.06260315137729232,0.01458600520984911,0.03577253126589861,-0.04715212319095654,0.1679224860253558,-0.028979200821146456,0.12098860787049731,0.09891037657095234,0.031101264278098804,-0.07603272797665683,0.0628802684079452,0.04295184213873585,-0.0734324171719933,-0.00930113443079036,-0.05412903089618143,-0.04198211860805914,-0.051403051664216284,0.04252248490984962,-0.09123975630113555,-0.11074606301154916,-0.012091517395624366,0.014543061021193075,0.021869391142606703,-0.032149138257699626
lefttemporoThalamic,0.005222053534234799,0.04011370099550689,6.121689959110005e-05,-0.003600865900798879,0.004914473764734285,-0.0029790943043952085,-0.008277744146794953,0.004585565755100593,-0.004214900156227702,-0.00923774804217272,-0.009178621641019269,-0.002092845271689502,-0.00960406005871734,-0.008901381752082427,0.0013545342402212384,-0.005101934714952093,-0.0068047335680053835,-0.002900267220843436,-0.001965656597808368,-0.00927645206840582,-0.005514470299011867,-0.004724578071320178,-0.009561998012235243,-0.006060148627780935,-0.006661165648305914,-0.004692923849117549,-0.00648811911204983,0.003460447987378392,-0.005898126310585125,0.0016511333544330928,-0.007474869685043192,-0.0022001303994672906,0.0051207057085800225,-0.0032318896868684713,-0.00857754243393764,-0.0032559118949048605,0.003961729765132264,-0.006767472730219171,-0.00216540040293459,-0.00953259382032201,0.007558297920702181,0.008601687049088765,-0.008355060595402022,-0.008092452775736149,-0.010452532721034398,-0.003403829886043187,0.004716576254954626,0.004656166301199541,-0.00827816486052094,0.00391857242562386,-0.006433957996622162,-0.004021527748046238,-0.013732879882680784,0.009218681936773995,-0.004361816609066386,-0.005132794649487341,-0.004551938604469434,0.0026238788222320377,-0.007002806934667466,-0.017803214382055087,-0.005996572657652889,0.006231204328482017,-0.007274821732619447,-0.0023956579639908353,0.004781437722242047,-0.014123525478712286,-0.004573713055165238,0.0011952850510404294,-0.004508670141697414,-0.011195514494361826,-0.006669850933960765,0.007228713718242709,0.01342793915934604,-0.006272061475797376,-0.005408077189315284,-0.008730746269687594,-0.0018102395709087835,-0.010975754843786227,-0.0031218408251360266,0.007404799629929184,0.010602426656555522,0.01571214919955855,-0.009536311698688049,-0.002372939229017641,-0.005286596317259931,-0.007348112874910342,-0.010069794317151107,0.0010746885467984634,-0.0018634524707901471,-0.011005326674865423,-0.007046785277211774,-0.006521177698492691,-0.007166663992460957,-0.004683368660131375,-0.0011186589934135847,0.0032578044812998333,0.007345974934055318,-0.005073961884815367,0.009618057211844899,-0.00518690142386357,-0.0021035315395702392,-0.018639283410949007,0.003458519585132821,-0.004351902900106514
middleFrontalCC,-0.22997570726785643,0.022951632681602815,-0.08646717938090477,-0.18779597980808027,-0.08220644380918343,0.322639484679407,0.2213994780022572,-0.17391614402234096,0.26691288789089207,0.155752724497672,0.033269639839283806,0.37016405978246514,-0.14537336099601172,0.287966671050203,-0.13293943530152225,0.011989493058824673,-0.14054534029277213,-0.022005185834709503,-0.02305464275132943,0.1772770038090219,-0.14476914575737265,0.040450044128269184,0.056116028549880514,0.027686077880592453,-0.04637238016313017,-0.08592788372742735,0.13324419482693026,0.22900823131322542,-0.09685576318200638,-0.10560848719821099,0.3963547460011018,-0.02344493179702253,-0.11749881868300277,0.03676394226407439,-0.07105977253756587,-0.10563526030841425,0.13913611142609517,0.12980094460564878,-0.008439796843061497,0.12009832753152823,-0.12238268352886329,-0.003736532713385614,-0.036698931867084325,0.21962179475163596,0.07425997678214194,0.02716727498969224,-0.18841194610520373,0.09887096909874474,0.1187092595681055,-0.13168783073104093,0.20770120814964563,0.3490677272540494,-0.13210035404036416,-0.1368916895495557,-0.019120309747375053,0.022669981041610804,0.010448153059753648,-0.07522354200582017,0.07224514242359001,0.18585391228091466,0.03847668966222946,0.04645552740055501,0.21360724991151842,-0.12459352574200819,-0.13676574771258335,0.02744333420399786,0.06553472610543555,-0.17857843423294165,0.092984965267037,-0.050840144655052884,0.03990372408403873,-0.18643888588775667,-0.13470939995464418,-0.11142583025019409,0.14405529283400087,0.04877641885210707,0.0769635877842189,-0.19898352440564818,-0.09093959814666315,-0.14690368923650582,0.021468122578878195,-0.09696312876968251,0.05329575782469139,-0.13512445950906438,0.1597242190560416,-0.09710068922070235,0.16722775044346436,0.12876414801436462,-0.12838976160493365,0.13353803058300492,0.19808265247219903,0.10638495591015666,-0.07242039254254831,-0.10408871984003162,0.08840078528955729,0.010215146256608576,-0.08133589590140575,-0.1182337539401557,-0.05731625936239022,-0.16724919168195793,0.0936384270721553,0.06129036161573753,-0.09497951618018856,-3.168755936719229e-05
parietalCC,-0.038930690214053786,0.03337347234170941,-0.10980169825195775,-0.24456012332309887,-0.06644552417632231,0.16007010591262646,0.2019952671817303,-0.15136749222699958,-0.17638443526790806,0.03342883050546214,-0.03192580121989338,0.1446140486299125,0.06191260113753111,0.21791842683361212,-0.007133865192552852,-0.059445596171901045,-0.20207983201290128,-0.07407796852740102,0.07691612030999094,0.07419979595329551,-0.05409879545480522,-0.1615416933160309,-0.2007313974819719,-0.06108122752236486,-0.19708526612677588,-0.20218407619592185,0.11408966449985368,0.2720795726652113,0.09055663033541334,-0.1811418794969698,0.2982451459391034,0.06729799999482114,-0.20081296945683372,0.23280327036493245,0.04012596130302181,-0.02621960469785676,0.07586072954576853,0.06473857148713313,0.05690969563853491,0.10628068805409048,0.04461638312854991,0.0914562893601324,-0.017133921531855174,0.15040590569881263,0.1859226548788311,0.2805526997952699,-0.16385535916852806,0.09154593916461365,0.2659722666685904,-0.04909268273158666,0.15465056465850655,0.2209657827873709,-0.10662014032554042,-0.0560639576568887,0.09434532574981355,0.15877099162484262,-0.16025573747134833,-0.05538139136177625,0.09167604329020505,0.001771230554571242,-0.046599549851015394,-0.054702287792641316,-0.05338435356212574,-0.16272246272301202,-0.07430161493374349,-0.21611863889321542,0.2641280025407992,-0.029271510728111343,0.15365060917827297,-0.1535562320884941,-0.0544508008691824,-0.08666221542288857,-0.19759755502068338,0.013050726603537607,0.11377300106113022,-0.05947823534352655,0.07290364108392139,-0.15783324716044603,0.05067195821072555,-0.18814443062155572,-0.08842892151080299,-0.09199064159718312,0.07238202627114916,-0.1911674932073809,0.0908047339868623,-0.09916383724527378,0.15995280078365856,0.1478554610469651,-0.0005718134325170615,-0.08385916229838532,0.03980610060767394,0.061339896068732656,-0.08336358220883565,-0.12141988015709877,-0.1265456699788749,0.09216438669204058,-0.029219466097546668,-0.06418283792413443,-0.14906049262063592,-0.1445262348868599,-0.0012273301160369496,-0.030071522439992247,0.12604836427598337,-0.13088355069239682
rightAnterioFrontoCerebellar,NaN,NaN,NaN,NaN,NaN,NaN,NaN,NaN,NaN,NaN,NaN,NaN,NaN,NaN,NaN,NaN,NaN,NaN,NaN,NaN,NaN,NaN,NaN,NaN,NaN,NaN,NaN,NaN,NaN,NaN,NaN,NaN,NaN,NaN,NaN,NaN,NaN,NaN,NaN,NaN,NaN,NaN,NaN,NaN,NaN,NaN,NaN,NaN,NaN,NaN,NaN,NaN,NaN,NaN,NaN,NaN,NaN,NaN,NaN,NaN,NaN,NaN,NaN,NaN,NaN,NaN,NaN,NaN,NaN,NaN,NaN,NaN,NaN,NaN,NaN,NaN,NaN,NaN,NaN,NaN,NaN,NaN,NaN,NaN,NaN,NaN,NaN,NaN,NaN,NaN,NaN,NaN,NaN,NaN,NaN,NaN,NaN,NaN,NaN,NaN,NaN,NaN,NaN,NaN
rightArc,0.0038997678804680662,0.05678145752080635,-0.03987578390783767,0.07483988568675012,-0.018588439917944715,-0.02196934978033148,0.009525298919234095,0.10308748580136635,0.08650724569929848,0.014869378140329976,-0.07339830144037313,-0.007590901815779989,0.061156421142788575,-0.05475085115635052,0.008114465429434399,0.10528192886274562,-0.05238489680727879,-0.031496763495476934,0.06862849801522665,0.014601508277639787,0.12730934167617325,0.049334219115686286,0.07686410339148228,-0.025772106930485636,0.07018574395298428,0.012811517880702207,0.008366785318908674,-0.014082522709448052,-0.06623953216980843,0.0694177567796018,-0.08587197379934798,-0.08958588300964597,0.15691169358309306,0.018872235688068385,0.057669952183694764,-0.00869254142125941,0.05047814802439121,0.11953195122373826,-0.00015931470815263178,0.07181833133302759,-0.028796727878140596,-0.028281179636120205,0.03169777195763601,-0.1089137516082763,0.07436830071692985,-0.09423445867071668,-0.031044238474706106,-0.11591454033380347,-0.02621294690666504,0.06472111719400168,-0.0701039572218921,-0.0610319802023453,0.05083873481687372,-0.03202146043204026,0.01957596637800532,0.002685446605343125,-0.07029799019295473,0.03061634139958261,-0.01906047943979783,0.014723285973759444,0.056443600456614056,0.052854106020647086,0.11302488877426456,-0.03856354797115298,-0.026413536250829747,-0.06260756848053294,-0.09285870252159517,-0.003964499808144814,-0.0015462220024735776,-0.027909881942559125,-0.022721822278991412,-0.06687664310985501,0.052938258380281475,-0.053113356470867984,0.1327061261984221,0.01085476083022797,0.02538197302517352,0.014462288564120762,0.05740977050035864,-0.02150528369878391,0.03840098746730152,-0.033092432010314504,0.056266718580976795,0.05434885668397744,0.01647269017325281,0.08586381021517918,0.036060956874619486,-0.06878047548835922,-0.03654891698815002,0.16990588537343704,0.08457734001952699,0.09250250675173102,-0.0849382567066165,-0.04118443286846061,-0.04224723984511633,0.03110026376771491,0.026437277048861296,0.02941152608597489,-0.03576813334999499,-0.02081395550537416,-0.052723413031814464,0.046470498733307976,-0.04902786678748417,0.02010083322476291
rightAslant,-0.05401268668854354,-0.009416665573597336,-0.012787245353195937,0.030557390327751663,0.11611988559306255,0.023667595431959725,0.03830193716678863,-0.004525460124092536,0.20554275271633965,0.03125253724965062,-0.04121477261770709,0.024583022445465612,-0.033619373068753365,0.031335667965094474,0.004815182089728165,0.06985319355873741,-0.03561469197427829,0.005699929996854435,0.10504841417901611,0.03548961627275973,0.01731089222662015,0.0818168464651336,0.17607902725054955,0.027044083625785982,-0.005123802876613209,-0.02116636331806366,0.0334615765793904,0.05054476016110697,-0.11176275495290387,0.015408053542655727,0.057585195885958534,0.03709508387525196,0.029765494172854946,0.016491270080643536,0.007191915121990525,-0.031077533890795973,0.03279155572779197,-0.022982731510267265,-0.05555627045470091,0.015217877114934471,-0.09869081490856882,-0.020575362879022098,0.03919996465603006,0.033412401106809014,-0.018460390437119528,-0.081392547872365,-0.09592433302839284,0.06163829964947025,-0.02534303860215665,-0.004364154682336958,0.03913803476762423,0.0428055016463695,-0.01153356789363071,-0.04764650576953179,-0.05912716063139768,0.014510026827593817,-0.015602290515646332,0.04046899926228353,0.017705005739228813,0.10252739426888303,0.06273573346394483,0.004858396266861515,0.1598485174566708,0.018199881114141406,-0.04072858836390185,0.018243740068899162,-0.030573090723102346,-0.057187482165953527,-0.01943816290397756,0.10969388620339321,0.029090315151478023,-0.04756947656507547,0.00620417325126964,0.0171478113284905,0.035717195293325316,0.05846432265319747,-0.019146305407045636,-0.08036559874165122,-0.054511022456526344,-0.0370525252061226,-0.0005235236811157307,0.027474684033877598,0.004021823338399111,0.013840039186848238,-0.008831175539945401,-0.019817764322989075,0.02646213901565797,0.01412734624226423,-0.06828212410222115,0.1789279488383149,0.11499882761016388,0.023428128718220732,0.007979488512632702,-0.03989363340557014,0.05316876771171593,0.005663166992268462,0.0610776231792836,0.04621440208328265,-0.008804489397296679,0.04424115010361523,0.06536770633442446,-0.03177724397697749,-0.051481359367778666,0.012180875606006341
rightCST,-0.11974846135896328,0.036589366010249896,-0.06763354385855834,-0.10884372614442372,-0.015986235947726517,0.25005033487088585,0.009642772285935389,-0.07016624186020952,-0.002300650898315882,-0.0015178128348409014,-0.11057787466775401,0.1268286441180084,-0.04140204678704941,0.19524460140184546,-0.11904363591028677,-0.016944534388943597,-0.0591879149530826,0.02277039284036073,-0.049894105856831954,-0.03558926352731425,-0.07453890671256228,-0.03805913038414887,-0.04886391712584508,-0.061386063851957696,-0.04975286499825173,-0.10725313471183678,0.06162434024633162,0.16325426275300486,-0.0724608085569211,-0.07667941194625297,0.20892173485983936,-0.02795987386335349,-0.10144401341832329,-0.051429411886380186,-0.05443297216034591,-0.05782236028112886,0.038317406586511206,0.029774757424092656,0.004961738699774373,-0.05862708317466568,0.1220967305775174,0.1173290501149966,-0.022210632996321093,0.07051762020964367,-0.05985535901947145,0.01043366454014993,-0.11153051688039202,0.11781266324356253,0.007061788942914246,-0.028723875469568998,0.14623162045465848,0.24883014529936465,-0.07430045018032548,-0.10877493588747883,0.0009813883399839047,-0.023464130043512166,-0.0032010843445201323,-0.05409482572331737,-0.03901877196126315,-0.0011319695709310256,-0.08947471929504437,-0.03550287125186122,-0.023611733433482714,-0.09703728286940633,-0.12096755308390654,-0.020169337811723784,0.18237797548847623,-0.12770379645731642,-0.005850121699738785,-0.060812760982527775,0.011319772194546458,-0.02217712409722328,-0.07151958582219896,-0.06923620079432505,-0.05882314245810423,-0.017993018032582585,-0.05985841558985196,-0.1187022256162057,-0.0649646745112866,-0.0805007423458312,-0.0711080170153537,-0.09974250999975555,-0.056132374750349795,-0.08627218913115153,-0.04795419754689504,-0.05998077558973009,0.08778932844887191,0.03943996119684068,-0.08795212145287971,0.026016357911392365,-0.03381624714315222,-0.06063940889108417,-0.026265798048737923,-0.09230711048253751,0.009364661213815803,0.07006193484841991,-0.06692982977670908,-0.013527009009921034,-0.029001916520896537,-0.06528786630361685,0.0946437789214628,-0.01215163439503182,-0.025905668699004007,0.0040906855732015775
rightContraMotorCerebellar,NaN,NaN,NaN,NaN,NaN,NaN,NaN,NaN,NaN,NaN,NaN,NaN,NaN,NaN,NaN,NaN,NaN,NaN,NaN,NaN,NaN,NaN,NaN,NaN,NaN,NaN,NaN,NaN,NaN,NaN,NaN,NaN,NaN,NaN,NaN,NaN,NaN,NaN,NaN,NaN,NaN,NaN,NaN,NaN,NaN,NaN,NaN,NaN,NaN,NaN,NaN,NaN,NaN,NaN,NaN,NaN,NaN,NaN,NaN,NaN,NaN,NaN,NaN,NaN,NaN,NaN,NaN,NaN,NaN,NaN,NaN,NaN,NaN,NaN,NaN,NaN,NaN,NaN,NaN,NaN,NaN,NaN,NaN,NaN,NaN,NaN,NaN,NaN,NaN,NaN,NaN,NaN,NaN,NaN,NaN,NaN,NaN,NaN,NaN,NaN,NaN,NaN,NaN,NaN
rightIFOF,-0.022447946332149995,-0.013907744303312954,-0.012025168495861372,0.04088611029645128,-0.004242597883433563,-0.018916052055246223,-0.035592343954665574,0.002549982495494963,0.04684244994077437,0.0038986514382936192,0.008537742353692465,-0.004427274040957132,-0.014291031634553988,-0.025781768373176518,0.010667771539907027,0.09663842457178957,-0.014459950112028044,-0.013192591178865787,0.0766570186070417,-0.008061833743879716,-0.0004645945980978915,-0.0013165088860628874,0.012973533929535142,0.08839941515053076,-0.02061777770117799,-0.007478059139609018,-0.028432871636645252,-0.04669940219182928,-0.02717857112355795,-0.007402690406953276,-0.026771649586734364,0.0178034243308566,0.006187150251429468,0.005856544762398644,-0.003123591376213529,-0.019779815839998556,0.019978198184299325,0.040308621139609084,-0.02666276970154884,0.027232145165264017,-0.06100129529715152,0.024391725868672234,0.04874222866413127,-0.01944296438913608,-0.026113387384529282,-0.026610549595950564,-0.025146769863611508,0.029549070240334936,-0.015329479603021046,0.039075307776545526,-0.03268533224151217,-0.032342541726729235,-0.005403767935274535,-0.013108775233504127,0.021633542730227582,-0.023459438387118385,-0.015988501483422173,0.02865541009813414,-0.047542940691972506,0.0351595895881112,0.056082033081426466,-0.011201535184672066,0.07073692399949567,0.03497620778067999,0.02469881339233735,-0.01311822632527326,-0.026548268685212116,-0.004088029915704063,-0.0029595235417481662,0.026030866974931333,0.007788244888085849,0.04569658421864304,0.011964351899211656,0.006296955402738076,0.021926467595644414,-0.05529236185353886,-0.005527775796083996,0.014365225489054858,-0.03518468888597409,-0.0009249646473759553,0.023037994036130716,0.009356180248290526,0.07326285770971978,-0.01484952189338246,0.006965318328146511,-0.015675076032082715,-0.00565728906573329,-0.00014394737860920484,-0.013999237753505306,0.08908778004314633,0.03464688335393282,0.021349536306779097,0.04821988184975983,-0.018521824522657958,-0.006657112840631783,-0.03784832193496147,0.040938621731584156,0.0228741031328722,0.01845858831567985,0.010870550378372982,0.0051674111621287985,0.015975407251455045,-0.0318414200133203,-0.022693436600392202
rightILF,0.09274021941645287,-0.018847515724245055,-0.024220210349451935,0.11421343148041692,0.06443589485636593,-0.07239115210875427,0.12912417753365227,0.30877740785257957,-0.00582713144243509,-0.0004685227849859887,0.050318184562599365,-0.06804472848377215,0.1312305692936884,-0.09041739061814144,0.01308343388035855,-0.01844052255518045,0.029821589554176093,-0.10964792005561302,0.014500687984421952,-0.0025077721239016265,0.012190600793595257,-0.05839625383622216,-0.11964406673247895,-0.01517254058186386,-0.019399290936478016,0.02218008621195976,0.044362393071729546,-0.1021243561419781,0.18735030007173809,-0.044167432073340826,-0.09153356773583946,-0.08983091432425366,0.010632985841325038,0.08850738760745701,0.12045043051980318,0.1345890058293974,-0.07382480185190383,-0.05587814094269828,-0.07221681692178886,0.009240277818223867,-0.03334935056187402,-0.040305413061078356,0.017405682138135457,-0.019984781102757972,0.08915904019018905,0.25246247286855394,0.07956195212141355,-0.111397680420272,0.1214438493883439,0.026589219945919066,-0.02607066093970569,-0.0969863212019819,0.2638908358260322,0.024719388460546263,-0.01892977108974445,0.0994566398371698,0.03545871705050171,-0.01627818948831014,-0.08073515416070187,0.04671523189321211,-0.03946401664099294,-0.01566636595823922,-0.12307497219877901,0.14259638770813096,0.12823593041466058,0.08716773570333325,0.11637819178766845,0.0290143948387994,0.04220269604342275,0.04640322318464888,-0.19608311883942284,-0.021362342526722443,0.16831084930750354,-0.010966801975919429,-0.09501186197557199,-0.03628136765135896,-0.000297382328069804,0.14013919155655954,0.28260872304905155,0.004054870948403089,0.03799847937689696,0.060926986127167605,-0.0529720335980357,-0.012785205848469507,-0.054146494867096426,-0.027968203968741473,-0.04780854311652238,0.013487339044558582,0.3184227850621457,-0.10043641865091824,-0.034617863821706465,-0.022115973816320272,0.00478982123324942,0.11056929112554785,-0.05104514702873612,-0.030742763699428972,0.017939257911443015,0.003233563600510925,-0.12822402833859337,-0.003616740731952361,-0.18959281333726166,0.04630676703735125,-0.04325257021012829,-0.0344052791037588
rightMDLFang,-0.026099148276697043,-0.000995353703833322,0.02786195475172691,0.022434670736461264,0.0628255259201473,-0.03142440027273344,-0.04320072061893434,-0.04583882412327112,0.05127008454876626,-0.0770599481128442,0.02933867253798241,-0.0675631752271504,-0.06202442277529287,-0.011783620840230106,0.07422539287530061,0.033234936500215154,-0.030098371178905185,0.015590151562917457,0.009496055140316487,-0.03894784175262135,0.035978039251285156,0.11025418840153373,0.06217578466069688,-0.05639268059499656,0.06108774293059298,-0.018326432666870285,-0.037427008235507514,-0.04466896623064782,-0.06413055341346073,0.017886926168272702,-0.020157522167186265,0.012968036043422882,0.11827014766258065,-0.02190903831415291,-0.012335773792601055,-0.03069657868219581,-0.06538297942288453,-0.02456768722651843,0.06378085100058167,-0.05576369323687013,0.06473139402679208,-0.009330580773288522,-0.007616861780451431,-0.041878957232449575,-0.009852172107395392,-0.08309230848897724,0.04702965733963924,0.024181995268281055,-0.056510165748574585,0.07685394243418332,0.08080356459765792,-0.016423351274129538,-0.006354084595395156,-0.014530103669992593,-0.048271580840403665,-0.033788937880584166,-0.03338924677524505,0.015156482452546053,-0.06357313284966108,-0.007529959965581993,-0.021400570915011893,0.0050513913118073,0.03532276060983297,-0.0187343952502421,-0.02858559818183623,1.3748974003699837e-05,-0.0361292458665731,-0.0033550519088039045,-0.014813499698991199,0.06446457057692638,-0.04275173306405491,-0.05472660160845128,-0.016614548977471673,0.005088508987682206,-0.020395892601836146,0.08641516975044433,-0.012852849241440622,-0.044329422057051336,-0.019703698266221252,0.010632125367818082,0.03276411594419434,0.03321291332379382,-0.026716189813733485,0.03914331852272822,-0.05354395850053128,0.12128710573366326,-0.014915744172103671,-0.05990620819849974,-0.08014327031119839,0.0651516910604867,-0.056104445812319416,-0.08458712741422304,0.019947675894469576,-0.05013120704849055,-0.0001794218424952127,-0.012560994090982555,0.02702710260497612,0.0049627274117901065,-0.018831279713484927,0.03064941890149489,0.0194363849350123,0.02206890464018439,0.07392928968913517,0.09628683150261262
rightMDLFspl,-0.02011291387635324,0.011746703774127714,0.004435168672242823,0.004017553824686145,0.0030205431801212856,-0.009457234859960023,-0.023829927020887837,-0.012926703928241039,0.008155121966849619,-0.025102142491496813,0.005979837425422707,-0.010682982000469306,-0.02214838714020374,0.014443380557397592,-0.021736650328724103,0.011380977272437955,0.011539754748478475,0.002621450060856122,-0.02933635138991457,-0.01975068683624921,0.012587222166687442,0.07127475536007698,0.01164780659168659,-0.015923244085858768,0.05492601500958969,0.02277010252504441,-0.015245328051423307,0.01255684493975115,-0.01763287015115362,0.01958186114314909,0.007509168571258536,-0.007456592027287508,0.06553278415817763,-0.014078108257301394,-0.008796857044138117,-0.005332726053581275,-0.02356612895664395,-0.011037275060740082,0.03998798407972072,-0.01964813887180386,0.012668021389426624,-0.009998615310941586,-0.01649328135027892,0.0024235565182722184,-0.029335582183253064,-0.020258856038738223,-0.005503570889084934,0.02481733967664485,-0.013442278658476067,-0.020667113219416017,0.05210374167986369,0.013014805145093901,0.01886742705358106,-0.027855974852052753,-0.012866494285523286,-0.02985828533014447,0.005216016688326443,-0.018107676957389688,-0.006845758643841643,0.010985069487043928,-0.013271733433289152,-0.02078573200282346,-0.016551175451973727,-0.0036309372163412855,-0.003767316799246196,0.012444564238657977,-0.013006061726842478,-0.014918186622491038,-0.018013513887520427,-0.0062203546588860065,-0.01168756041359361,-0.00769168667610169,-0.014110916701852003,-0.018909951553079014,-0.008360386697418835,0.010990508680770688,-0.013141337624670993,-0.0066512732666816924,-0.0076223218488431005,0.0008093166959539092,-0.010234005438895756,-0.019770456162033847,0.014001198026196135,0.018694053217031745,-0.020071870055657512,0.06638986899264958,-0.024376141815629967,-0.012111401351552564,-0.013916805900702846,-0.006078451425240165,-0.020514513826190295,-0.018691573617161127,-0.020563547927966518,-0.008203050307948283,0.029044813296118962,-0.000552548025066195,-0.0118269288381035,0.0026984892729484825,0.011867284370317763,0.01188198033588113,0.01764757427597829,0.018000001372971763,-0.010887877662647406,0.07488432487713058
rightMotorCerebellar,-0.07396339413393756,0.05149853161377472,-0.044649543269141424,-0.03101314107929904,0.0079368403807236,0.1335963216506187,0.003134438812995953,-0.015427176651401033,-0.003312171306753333,-0.008865789022988303,-0.07228706696052788,0.05601668553722466,-0.0036103516151200815,0.0929809846591312,-0.06140650134630526,-0.010487734397646553,-0.01100316156243479,0.01836264862689738,-0.03596252594388843,-0.01928964211803589,-0.0474329505257254,-0.027194092023156497,-0.0028796662218960874,-0.03436469831821066,-0.027420959717603725,-0.04564971565384156,0.04197964695888371,0.06089313831713072,-0.040280868469459594,-0.037965335424678816,0.1072634519672882,0.003516696114728419,-0.04686554798988274,-0.030168716068747266,-0.04722726514882685,-0.026537535152603074,0.01623635003783108,0.004585394839403494,-0.017884185592747622,-0.03432446984386246,0.05911721364582263,0.02305793209131717,0.0067059336263453435,0.0454583426148144,-0.02563715726680464,0.004685624104894047,-0.03356670602872048,0.059155213389692964,-0.009361768890245582,0.017576009076244976,0.07720762696264283,0.12334974185825316,-0.03532625775861737,-0.05616172060113881,-0.04839089876301991,0.012816155172549429,0.0005127994341652239,-0.014807764605940547,-0.01409446178996564,-0.01263051650636509,-0.036771935918394553,-0.015520202982247596,-0.012158128232372226,-0.015358580794161402,-0.06115580860279149,-0.02192600588351188,0.09186086342852712,-0.07485555628248385,0.009945586541443775,-0.010596466012559345,0.015190195964227613,-0.022540876850830675,-0.0392986146599887,-0.03487025418243067,-0.052385115021523765,0.003175257689093717,-0.027619881531732126,-0.028700029735382084,-0.02684787080253162,-0.029231725923633795,-0.03466729563565346,-0.05609665549106395,-0.05259201942888156,-0.038118884799564275,-0.029325771715453232,-0.034514992008805166,0.020062893970776537,0.017571799669504964,-0.049093567893295505,6.026807326341797e-05,-0.013709738812536662,-0.043849128385446294,-0.02471643374090694,-0.03499516340874163,0.009618039005340771,-0.0007339293576811317,-0.015461114687846993,0.010252822423165931,-0.0022560120141068675,-0.03794936820478148,0.03716091566829392,-0.016644581483172684,0.0015651273600025626,-0.0005064840224171018
rightOpticRadiation,NaN,NaN,NaN,NaN,NaN,NaN,NaN,NaN,NaN,NaN,NaN,NaN,NaN,NaN,NaN,NaN,NaN,NaN,NaN,NaN,NaN,NaN,NaN,NaN,NaN,NaN,NaN,NaN,NaN,NaN,NaN,NaN,NaN,NaN,NaN,NaN,NaN,NaN,NaN,NaN,NaN,NaN,NaN,NaN,NaN,NaN,NaN,NaN,NaN,NaN,NaN,NaN,NaN,NaN,NaN,NaN,NaN,NaN,NaN,NaN,NaN,NaN,NaN,NaN,NaN,NaN,NaN,NaN,NaN,NaN,NaN,NaN,NaN,NaN,NaN,NaN,NaN,NaN,NaN,NaN,NaN,NaN,NaN,NaN,NaN,NaN,NaN,NaN,NaN,NaN,NaN,NaN,NaN,NaN,NaN,NaN,NaN,NaN,NaN,NaN,NaN,NaN,NaN,NaN
rightSLF1And2,-0.11947260043762357,-0.06501600369580902,-0.13997967067209657,-0.20590312043184156,-0.10341148370531432,0.2200744839168863,0.11472170656268924,-0.1141904200749605,0.12436315332805296,0.11073063246469436,-0.08744949305049945,0.18492784674523216,0.03957351696326478,0.2651158718914431,-0.13640212322622924,0.014590084066135073,-0.19306240027234003,-0.16008765225867014,0.009458517225247737,0.15847603745997985,-0.11278422874325625,-0.045832067621451526,-0.003458262363652195,-0.04391295115780083,0.008354675138458488,-0.13233684875668233,0.19412439180536814,0.16117305506748028,0.009793214080159629,-0.06891305804708016,0.169463697625473,-0.17879049294634403,-0.10004277914770592,-0.009948844041175912,0.0590723431095284,-0.14629951717677545,0.1455374480130387,0.15478593864595533,6.451527394895133e-05,0.10416026774328917,0.05300952747010721,0.007768333936959758,0.017436140666637505,0.010353629288931458,0.1805130173563995,0.06997511318597437,-0.12854851799879013,0.0002892230629532388,0.19154515757003668,-0.1066431187671377,0.03797731777797053,0.24927788575985435,-0.037161195553121605,-0.10208154269719646,-0.026316040169321736,0.08808938432033205,-0.08022387651725993,-0.12939687238015044,0.0324276109644722,0.13402548284093502,0.05100407263211491,-0.0306160348291236,0.11786986277752906,-0.16558849294824993,-0.1303524508515853,-0.059526879150052475,0.1595551406734119,-0.1290140373433269,0.17340014263317094,-0.10613067703313388,0.0979325166807856,-0.12450829285258812,-0.18900283909484858,-0.14299406248633117,0.24488395459618773,0.057978955599444215,0.1294562814544119,-0.06673687933129052,-0.0028650669069700974,-0.17114505056620932,-0.09343103768942784,-0.21695434234270042,0.024267690726871384,-0.15026590643015428,0.11680140263414349,-0.028611074670835665,0.22150592246468365,-0.04687348250442005,-0.059770729047968006,0.21256749870927166,0.12594994441850052,0.17366254615352508,-0.12121175013010528,-0.0832861056167775,-0.03714352222231062,0.013306086589714277,-0.11970493605431136,-0.0485759322631956,-0.005773062201539026,-0.15342102416405232,0.06301745394051088,0.12207367244242442,-0.0637385794750725,0.04464889746655734
rightSLF3,-0.07551243430261255,-0.13842610232044172,-0.11590051321092787,-0.058822922271070895,0.019692259554141934,0.10578172464735988,-0.07261288928020884,-0.09395310499096002,0.09653517876525845,-0.10282248845597322,-0.020008800014507416,0.015472018726374166,-0.01938478091366765,0.1740754104538394,-0.1153972545095543,-0.01691528242870175,-0.10785269326259699,0.0030872689408583524,-0.013805128753655796,-0.02657883420191598,-0.0819977253832765,0.11175277682415292,-0.004800322802369589,-0.04606473733942618,0.13090406990753573,-0.06197016665103493,0.052595744835618796,0.008590732769102584,-0.0845389377279643,-0.046199919070602266,0.10663305972056254,0.05847383336841164,0.0261414440268074,-0.09849195784312245,-0.031917995008631746,-0.15346187489398458,-0.044953164302561036,-0.0728800620385851,0.09096673187424319,-0.08099636406486442,0.06435965531037005,-0.04061955119274469,0.005516089535345397,-0.01482078547076654,-0.03933081252619685,-0.06393599626693648,-0.1336036386400388,0.20791945436703285,-0.006795272394784329,-0.1008105148907475,0.22193649784030525,0.17553328748314292,0.07654077753139604,-0.12725537243972446,-0.11010918585421424,-0.06455654646873094,-0.016812289601648368,-0.055547665533342006,-0.022932530806040817,0.196391861809641,-0.029868520496603775,-0.15059365725487261,0.022325120890542356,-0.08334247963027029,-0.09299249119989977,0.14358529035479617,0.09658943878296206,-0.16401982443616867,0.012727810355729341,0.051353154922710656,0.3189185290057471,0.050278644507733145,-0.013789844779159713,-0.06993190333838628,0.005229284676773645,-0.041230343993477275,-0.04280851948557445,-0.01609524508103988,-0.04187846106003481,-0.12737083250099307,-0.10850529855794332,-0.11359156232612239,-0.029931328433522458,-0.13112170128593473,-0.06937500219688186,0.16718477118986333,0.0313814231773209,-0.11139930406824346,-0.11559084731321757,0.08436912249674121,-0.06029420096760378,-0.01822126727836322,-0.015932851828379266,-0.08487147733784367,0.047414044579369125,-0.07507434538111511,-0.07762629276518862,0.04445942914516972,0.17525611833882868,-0.02253176201684129,0.31989966615440596,0.005587842218388907,-0.07390931862228081,0.19790655941082314
rightTPC,0.034052153046906036,0.042632346030065486,-0.02231643547454049,-0.0839232868167257,-0.09029238077882279,-0.04488750533072321,0.11733321337085827,0.05480351489629416,0.018794926125838628,0.08315621122724705,-0.08247894093672205,0.04868331088409556,0.09808923120405845,-0.005495708758579328,-0.056983906190435876,-0.015804051312830206,-0.012822877075312652,-0.10683414570555817,-0.020021749918498456,0.12121526725692776,0.07598413578316182,-0.05525678033652013,-0.08201399904826154,0.007304256672041682,-0.016735401602956473,0.02617662320794574,0.054355887883679815,0.08311468776862262,0.10546575420640777,0.029259325606076907,0.0013366371825604012,-0.07133385669357566,-0.009704001143736436,0.047921180523448834,0.058413750807875,0.006585427866810391,0.07815276325995502,0.10260536201313095,0.05030863642560318,0.12925699220716602,-0.020028297693759155,0.029557293144974815,0.054585410626803575,0.008201122086276894,0.18869480158103194,0.12653467741879343,-0.014894266935047102,-0.09274676209412826,0.16886473525316514,-0.05984599912591426,-0.07055892890020764,-0.028539942727659896,0.09348437823659084,0.034490742389789567,-0.008987666724758805,0.13481479280006967,-0.02481273347375369,-0.06535422009492221,0.02207435882135293,-0.011435508431998555,0.049252427934959105,0.008619427160165288,0.033918004212211576,-0.05321921693381577,0.008223901713752885,-0.00987792853704748,0.04088437453657583,0.020476867287639693,0.17242793233925366,-0.1426217050035845,-0.09850271319453109,-0.05570110768754804,-0.04886390589083731,-0.040986175787757435,0.1292270105350539,0.002681899941938287,0.17174598547828135,0.043197610483565664,0.05402217308752143,-0.028279945803787412,-0.033916971883371075,-0.03681287730176486,0.09817897800651629,-0.022189813901146497,0.10693628797719044,0.009310623031969441,0.06152215903698903,0.06763888867272282,0.12965585116050246,0.07321764890081174,0.14124465514498255,0.17025522297805354,-0.10197218405463403,0.08829640205652635,-0.020215688036422243,0.06154083311844806,-0.06556649163495859,-0.01936908172562117,-0.11333440849902304,-0.10697681344509945,-0.11574836133574651,0.03339845255708253,-0.019625442658310812,-0.0490458117282149
rightUncinate,-0.011448883160013844,0.0553040619532606,-0.03465248308820753,0.06861023976229899,0.09531678991424225,-0.01857900589508119,-0.04305523012764721,0.01747913597413985,-0.013079395961505645,-0.03907324280639312,-0.04136468849784274,-0.021177073748337008,-0.013859021534297503,-0.04090569011800083,0.0011710222026919837,0.043097818253007285,-0.025288505396831,-0.025012550038845196,0.04340781098227297,-0.042744231957781,0.02640552598714133,0.005933176507553932,0.024069330289558506,0.0429056580055428,-0.03375040445540859,-0.026865026628184966,-0.04017804010880099,-0.04785732778994107,-0.023339529110371605,-0.013317304052933965,-0.044963564645335054,0.005997564880554601,0.009208546412157535,-0.02263383894445768,-0.007771852840428732,-0.010342682621133546,-0.004224143471817793,-0.008267050578898765,-0.029861852664061078,-0.019086084012237853,-0.017254034724827463,0.011744678963301823,-0.00863100446962525,-0.0413353231357312,-0.04877484059958127,-0.029289041781607916,0.00030819394092448547,0.049699697299425694,-0.03993742988382286,0.04924503617216607,-0.02475862115091495,-0.040563253314032766,-0.01745561178978836,0.007046596424466314,0.019095697003254405,-0.049708774337069946,-0.025831576470092855,0.03262279035085744,-0.035562719984285555,-0.023955870762910267,0.0015366505514164402,0.011202957645870707,0.001745982079015254,0.057158923527709335,0.02855438130253052,-0.011948498029945924,-0.024662698101813235,0.005097976409828976,-0.013377536992783037,0.04523932347661024,0.004937062018134536,0.017913551926962024,0.06385324779470311,0.03887905561582064,-0.015837121929891042,-0.025378130803426234,-0.02587906434101917,0.027737242698771224,-0.029750181056496492,-0.003066003805426936,0.04170967377572975,0.022739241132809705,-0.0043389451628337294,-0.025301613954078,-0.028289450042355287,-0.01602076161416933,-0.02665502807294547,-0.005378387465957318,-0.020768537641951534,0.014644891277571395,0.004759547777554495,-0.024773698827642656,0.04467632497508053,-0.04208115822790201,-0.016547971146665764,-0.04031341965646918,0.0731322181938196,-0.014608464459347019,0.005150838818715324,0.06828906040350496,-0.0031572504503033917,-0.03864920331532241,0.009833259450796704,-0.019090280437733812
rightVOF,0.08808505790721946,-0.05398536839855967,-0.04628265718624764,0.022792580625980892,-0.010166513389556278,-0.046131800013804826,0.13077933933565378,0.24925322939681158,0.014669966094345035,0.06437939902464483,0.0963086821938593,-0.013212906706805132,0.1494477295907505,-0.049017166827752326,-0.04108029035165214,0.012595872959722119,0.032554717244049965,-0.0961371880530881,-0.007614326321389882,0.045673860737098365,-0.047798330805249235,-0.1202374493766598,-0.12793453060786528,0.008191094869969518,-0.03660333148394715,0.0033032820325063447,0.03644308698930469,-0.06643791461987456,0.1624452335086116,-0.06752718707747749,-0.04227709227657068,-0.10613839283261123,-0.06621221907409375,0.08872531120245811,0.07016596007712286,0.08633385360956276,-0.03456022438619692,-0.01958973290203824,-0.026187942657357483,0.053334977029329704,-0.034325664545997656,0.009690297675719571,0.08102090256205235,0.0198527339962593,0.12452509685296867,0.25054973345733594,-0.009790831385339947,-0.1005138443795173,0.1283269314127627,-0.03865256958600767,-0.01258389343552429,-0.052649443807484014,0.2212795671994332,0.02599402140768998,0.026433940491956166,0.17975735966339115,0.046130700834951716,-0.004230227003383781,-0.009540185173077451,0.04499093542194707,0.02507497396753902,0.019991874109694965,-0.10219950317505641,0.06873578931326975,0.12452537525949539,0.09399406643403281,0.07315877904422251,0.021146520198657162,0.07920934493056793,-0.04955580118608458,-0.1560651003376651,-0.008791165574141786,0.14586920694272407,-0.045490020416213604,-0.04494958183342556,-0.06454205730759772,0.011290455890263798,0.15388568857107693,0.2254190127831807,-0.011971794269420357,-0.01620739427227159,-0.0014807655131110066,0.057727532592649955,-0.05407716530144975,0.002358357031239438,-0.06459615508292638,0.016214657644771115,0.08727284929162499,0.3020642751590222,-0.06656704647222622,-0.005317128734265239,0.040764601844306275,-0.03135267051308524,0.13400164788560331,-0.017188970443902333,-0.055525078008823336,0.01246383348899733,0.02756774678154437,-0.09007236009885589,-0.07201583706901306,-0.16685948398049133,0.04902303281196401,-0.06523384442772995,-0.060432933619329075
rightcingulum,-0.0052084573723755676,0.0380241355589153,-0.0665600583602573,0.036667507491664496,0.01589055722783204,-0.0203468779190447,-0.00893867604287336,-0.09561562941131131,0.05221394704928562,-0.020198735650949675,0.00010454507290836215,-0.04671303971331635,-0.10021320089087389,-0.08245772133505973,0.15449813704432272,0.1427944771166745,-0.15518649948589106,0.04931131774792365,0.16773997521915845,-0.03290723379465677,-0.03463121209983012,-0.07985244877791896,0.02082478580932882,0.17481278433674882,-0.18281641810485225,-0.13890141190213295,-0.1600352555447764,-0.018385733711187697,-0.11797272538492795,-0.1601914868919692,-0.05608924708546481,0.07406300487668412,-0.10585174624245441,0.09820603086004022,-0.14809127995924845,-0.023398312790492502,0.017423688177592923,-0.029667960379664897,0.049749777110671765,0.05415325227484918,-0.02178240435114231,0.011356672037293887,0.09003948943200932,-0.08773819349697146,0.051637090821891905,-0.060730072269070484,-0.1298239996951785,0.0770131752114392,-0.05929678231393286,0.07540321304554756,-0.00023946541980791522,-0.0727577744313585,-0.1360660235321703,-0.05537357201118582,-0.015950629488355808,0.04851967877594973,-0.1531848447765225,0.14429788669249963,-0.05398618212338341,0.02983382418893838,0.14395172014169813,0.028500984400980277,0.23374785546960503,0.06765325816072762,0.009140869393314757,0.024433090444247227,-0.12649078901795685,0.00600928455284073,-0.05979306982711771,0.05535444995574271,0.01018020004083298,-0.029681941547280627,-0.07601893865162374,0.13129927931000826,0.03932312636553016,-0.0717374099650417,-0.03109187383232434,-0.10614425083309419,-0.116865872460663,-0.09116849695736513,0.004650611092937503,0.025984891311239693,0.12008947497879686,-0.11114658944865624,0.007521510468680947,-0.08577096061863695,0.014831112248864619,0.061727952356117784,-0.14437856982174863,0.07401717681783183,0.0869180616659702,-0.008064117935564906,0.06552920811731326,-0.14000494166057673,-0.011332561174053851,-0.038254383059099464,0.11665961301080668,-0.0135258718332679,-0.004591137005578323,0.08018263049727435,0.07528216489825687,-0.04668093898612657,0.20775913178767214,-0.0953011376910663
rightfrontoThalamic,-0.024909204778130932,0.06771990646057377,-0.05067669925502836,0.03200921836356641,0.10142405708588566,-0.04220860909996369,-0.057448260082989894,-0.0029247292050259646,0.021870751369772023,-0.013788279786238344,-0.02449665676093892,-0.033297707118745544,-0.0004939371901498959,-0.0721238219341914,0.062299974912337075,0.13263454276506192,-0.06562414902338115,0.044256600136510164,0.12493835258415603,-0.020933836518428107,0.013457742482478776,0.02350979544763181,0.15566294174985723,0.034785824022633145,-0.07578600017765073,-0.06942137832187649,-0.04229654580987904,-0.029204624210319434,-0.06351025559188726,-0.023189474466086022,-0.07607600054948052,-0.03480841668916488,0.009835951330035684,0.012954943126162285,-0.044761554230174826,-0.027113813948806374,-0.02751242569556748,-0.011373638110888307,-0.048688229756117904,0.0502240495794712,-0.04452459762252595,-0.005362576114877589,0.030492746000058232,-0.042136359437296975,-0.03668387699862974,-0.075776773422742,-0.006911421843324384,0.0017087583206083494,-0.0438947068542533,0.05577399047256459,-0.032655707158915685,-0.07477946252044664,-0.04708146935103094,-0.016647045980447066,0.0684107235816725,-0.038816883911243424,-0.06714913895567277,0.10051223839275304,0.03778851518140429,-0.01820321009925995,0.09423277715841041,0.08923248142879027,0.03308326590604645,0.03731288774896477,0.017972664324991377,-0.04854882383955522,-0.07298291722491093,0.0005361474552847541,-0.03519567227707904,0.06888395893951749,-0.027588014375514773,0.05494797689883718,0.011971863166398708,0.05348693222230615,0.01646009355287065,0.01701539260305215,-0.05908946004106893,-0.008601015766329016,-0.0672065036178141,-0.023171783554981198,0.050628978672726116,-0.0025258852241879137,-0.009915628653337937,-0.007146265237241237,-0.0035791693882404373,-0.052219473075311676,0.025182311947945173,-0.051418540760122505,-0.04008074777339857,0.05945537213457066,0.04490798247278077,-0.014733155295892293,0.005855535690882903,-0.08001457517527423,0.013294685760257543,-0.01174889043561105,0.10327788613553755,0.006094287334101423,0.07658237625656726,0.05220697051732368,0.019245190625982237,-0.06147951508783376,0.00855985179139512,-0.055175422375950224
rightmeyer,NaN,NaN,NaN,NaN,NaN,NaN,NaN,NaN,NaN,NaN,NaN,NaN,NaN,NaN,NaN,NaN,NaN,NaN,NaN,NaN,NaN,NaN,NaN,NaN,NaN,NaN,NaN,NaN,NaN,NaN,NaN,NaN,NaN,NaN,NaN,NaN,NaN,NaN,NaN,NaN,NaN,NaN,NaN,NaN,NaN,NaN,NaN,NaN,NaN,NaN,NaN,NaN,NaN,NaN,NaN,NaN,NaN,NaN,NaN,NaN,NaN,NaN,NaN,NaN,NaN,NaN,NaN,NaN,NaN,NaN,NaN,NaN,NaN,NaN,NaN,NaN,NaN,NaN,NaN,NaN,NaN,NaN,NaN,NaN,NaN,NaN,NaN,NaN,NaN,NaN,NaN,NaN,NaN,NaN,NaN,NaN,NaN,NaN,NaN,NaN,NaN,NaN,NaN,NaN
rightmotorThalamic,-0.16674117463536228,0.010945351051845398,-0.09402384506254216,-0.14586474348450904,0.007847356035754684,0.3267747194184212,0.0903664481430826,-0.09068541369097695,0.015399282019223852,0.011920241652895305,-0.10511648425097084,0.1869969639178604,-0.058828253526133106,0.2767146991586028,-0.1356899393281967,-0.06668494570754199,-0.10275830358389258,-0.017458746754956917,-0.06782761304164404,-0.039630237293481245,-0.10693708278784222,0.023235188709234144,-0.07664322468476717,-0.06257815759741009,-0.027942982540137978,-0.1328589625152327,0.11053208064211148,0.22368097822983996,-0.08916588298750729,-0.08710765799497748,0.31193733724075,-0.036194696155147865,-0.12365577481121881,-0.06941868026694495,-0.02109739239813684,-0.09176264341508697,0.01844952899280752,0.011677713978207287,-0.01150133799603497,-0.08605800282442079,0.12049600305733284,0.14330105376589714,-0.033715479949803104,0.10582139297520826,-0.05286440429099073,0.03561605414069227,-0.1672104856557609,0.16162609677654743,0.019994457508813523,-0.07078334855009083,0.23137213129276676,0.34350944260988536,-0.09321132290641872,-0.13987197559531483,-0.023714181165401745,-0.044153689192446416,0.01840395205924163,-0.09585777051032641,-0.07222630020411414,0.03587401710875536,-0.11289366637328146,-0.04599055842237243,-0.025979231827996226,-0.13561208995305463,-0.1384947979539758,-0.018227862508744887,0.2352819249039643,-0.17456966789970893,0.003514310694648215,-0.08738401079560781,0.040841044395600073,-0.04998686191517524,-0.06449327481953589,-0.10612587209478888,-0.06424826025401142,0.020804633520126885,-0.07533481418000348,-0.1616377391567312,-0.057843856097955455,-0.15051356128945811,-0.09679351957988551,-0.13950184817878122,-0.09581585403526154,-0.13937493367522286,-0.04705092128940683,-0.04727962632674064,0.10821852626829842,0.005075319175633847,-0.10211662517152169,0.04618496232101778,-0.03314691915141997,-0.05825328728441793,-0.017710491077866822,-0.128993174970147,0.014066772986709096,0.06479309575075436,-0.07067681497127186,-0.0023165316448251773,-0.014286967064748515,-0.10022405217383383,0.11455089522523407,-0.023231652775945105,-0.049702254868917745,0.029316240893306207
rightpArc,0.015520201272377103,0.04186858007968182,0.04920594843956675,-0.020418886868840393,-0.01834055328671514,-0.024667822022922694,-0.008119169940087406,0.04583693656100593,0.09536808791946123,-0.06690416045656612,-0.00926983909393098,-0.06178218223727255,0.03244675060524054,-0.04127275444141674,0.08052585615514322,0.06206407593106902,-0.04841716900118718,-0.05635456229755372,0.05995884241605417,-0.001566067772926517,0.06713934207294497,0.006694504494899174,0.03009341638869,-0.040457774654520696,0.027289858212092274,-0.04716079402504431,-0.018689769425950947,-0.07324885089037143,-0.018585169564944732,0.004417758184409837,-0.04882565733693493,-0.01808996025868858,0.0707980368650285,0.05573936905476697,-0.030294809683896865,0.017840167542085388,-0.024429417792508956,0.027442955549788803,0.04177420148876155,0.0004531343426279148,0.10783679356969542,0.028253264187215313,0.07975124707772077,-0.08688860253157893,0.08899126185295711,-0.062250327216851066,0.04421126848357623,-0.06985575936409522,-0.0055488862655306585,0.11425665703332528,-0.028775467776868756,-0.05944462315964201,-0.0284969795171796,0.010749659597576915,-0.02957198700523238,0.04054906347400271,-0.08636233088378492,0.056652787988039396,-0.04539779898766447,-0.07669744904652184,0.05089141130980685,0.1143446231413474,0.12984407377432305,-0.05042702667858171,-0.08688566988980764,-0.025571589493322094,-0.04457581660937099,0.025278965452999666,0.016765598963476944,-0.030959059566196406,-0.06812597373338777,-0.10229083738789567,0.013151610014929609,-0.004420707664099888,0.03334897805543088,0.06547119474404318,0.054324916518906224,-0.015142573212281152,0.019650201894589384,-0.018994512930477183,0.08937867582308645,-0.023338202169134094,0.07476649575265495,0.008682515979872822,-0.046996894407262305,0.0693553167747211,0.04828506021741225,-0.08958826480665102,-0.05464628034054333,0.14085109045213753,-0.024096566860498752,-0.02383226978640313,-0.05081663941601834,-0.03634434490305993,-0.04983728804638361,-0.05463514769422246,0.06295410215893407,0.029589541749927336,-0.09203252824521341,-0.012481077193627128,-0.05893906819466323,0.033465641535264434,0.1356741084622263,-0.0042608810447189215
rightparietoThalamic,-0.018324198311942024,0.00973034134046555,-0.09488780594112863,-0.13512371347286814,-0.007825475189964048,0.06515071287359626,0.17077060062886698,-0.084393635754018,-0.04285416096920726,0.06421454383800551,-0.06840666703553568,0.11876141289827886,0.060814920715556435,0.12498122161191921,-0.04232791905882948,-0.047697317769191776,-0.1425963281323364,-0.07221878312704001,0.0519464664286848,0.07867978370325321,-0.05505460727756453,-0.06494660214285641,-0.10342383152164314,0.0033802923291028383,-0.10823805411031782,-0.11735625313645583,0.11334612542774249,0.15436748763732944,0.10853924461025795,-0.0775132898451522,0.15251471745420692,-0.027614317647388798,-0.09967416747268468,0.17513771396794933,0.06255800196535141,0.024898889385160907,0.09818346080672034,0.06822522218250589,-0.008165381310041511,0.07804215286350615,-0.025024229956509787,0.030101327510830344,-0.01719826431610303,-0.01251542164046761,0.191095051323538,0.21028725831292233,-0.09402472548441343,0.012104936084885005,0.22549040326777522,0.005127897070238393,0.04886992944898987,0.09652368868885781,-0.05706568178238548,0.019639699059969155,0.018607020824747248,0.12956470069654524,-0.0983513416381384,-0.026800703711870037,0.07453150829846529,0.002139167998291258,0.0019617630790887443,-0.05953441017637826,-0.014875490221993352,-0.050318167814236106,-0.013596016962585784,-0.1133269341066165,0.13420020804754898,-0.003332028069097246,0.10489734976037456,-0.15698384912722227,-0.04620150333256397,-0.06958092409753973,-0.10124712283971878,-0.06120651445596097,0.10330426713770707,-0.025948411287011565,0.07652827220932047,-0.04704242094231856,0.07913339677738826,-0.13623018914323298,-0.07629973159844089,-0.006742352099756342,0.06525794573713589,-0.10669540155278327,0.03104673864001218,-0.01767674301568846,0.1583858395627182,0.07849635506399795,0.028331818453538327,-0.004424321057397299,0.05418410703033807,0.04650124075286627,-0.017405879838100685,-0.07954439978170935,-0.02253615219367487,0.11004262971739388,0.02841260081471281,-0.09414712685193445,-0.09319059524257023,-0.07582837481201075,-0.023884442967196554,-0.034146231849988676,0.0003010914407621666,-0.06369862909299616
righttemporoThalamic,NaN,NaN,NaN,NaN,NaN,NaN,NaN,NaN,NaN,NaN,NaN,NaN,NaN,NaN,NaN,NaN,NaN,NaN,NaN,NaN,NaN,NaN,NaN,NaN,NaN,NaN,NaN,NaN,NaN,NaN,NaN,NaN,NaN,NaN,NaN,NaN,NaN,NaN,NaN,NaN,NaN,NaN,NaN,NaN,NaN,NaN,NaN,NaN,NaN,NaN,NaN,NaN,NaN,NaN,NaN,NaN,NaN,NaN,NaN,NaN,NaN,NaN,NaN,NaN,NaN,NaN,NaN,NaN,NaN,NaN,NaN,NaN,NaN,NaN,NaN,NaN,NaN,NaN,NaN,NaN,NaN,NaN,NaN,NaN,NaN,NaN,NaN,NaN,NaN,NaN,NaN,NaN,NaN,NaN,NaN,NaN,NaN,NaN,NaN,NaN,NaN,NaN,NaN,NaN
